area_name,area_code,pct_private_rented_2011,pct_private_rented_2021,unemployment_rate,pct_level4,pct_no_quals,predicted_2021_mean,predicted_2021_lower,predicted_2021_upper,residual,pct_private_rented_2030_mean,pct_private_rented_2030_lower,pct_private_rented_2030_upper
Darlington,E06000005,0.1824,0.206,0.0522,0.2372,0.2481,0.2235,0.1974,0.249,-0.0175,0.241,0.2112,0.2697
County Durham,E06000047,0.1257,0.1712,0.0443,0.2146,0.275,0.1603,0.1345,0.1847,0.0109,0.2062,0.1769,0.2343
Hartlepool,E06000001,0.1477,0.1758,0.0777,0.176,0.3066,0.1977,0.1707,0.2241,-0.0219,0.2104,0.1807,0.2396
Middlesbrough,E06000002,0.1662,0.2104,0.0759,0.1854,0.2989,0.2167,0.1908,0.2421,-0.0063,0.2453,0.2166,0.2736
Northumberland,E06000057,0.1329,0.1642,0.0443,0.2557,0.2387,0.1678,0.1421,0.1931,-0.0036,0.1988,0.1696,0.2276
Redcar and Cleveland,E06000003,0.1247,0.1581,0.0659,0.1893,0.2842,0.168,0.1423,0.1932,-0.0099,0.1925,0.1637,0.2218
Stockton-on-Tees,E06000004,0.1312,0.1696,0.0574,0.2282,0.2377,0.1714,0.1463,0.1964,-0.0018,0.2042,0.1762,0.2333
Gateshead,E08000037,0.1248,0.1639,0.0501,0.215,0.2804,0.1617,0.1365,0.1872,0.0022,0.1986,0.1701,0.2272
Newcastle upon Tyne,E08000021,0.1905,0.2278,0.05,0.2716,0.2364,0.2313,0.2055,0.2567,-0.0035,0.2627,0.2334,0.2919
North Tyneside,E08000022,0.1238,0.152,0.0494,0.2528,0.2372,0.1603,0.1339,0.1864,-0.0083,0.1865,0.1578,0.2154
South Tyneside,E08000023,0.1006,0.1322,0.0656,0.1924,0.2798,0.1429,0.1179,0.1683,-0.0107,0.167,0.1391,0.1949
Sunderland,E08000024,0.1215,0.1481,0.0585,0.1818,0.2905,0.1617,0.1361,0.1861,-0.0136,0.1829,0.1544,0.2109
Blackburn with Darwen,E06000008,0.1568,0.2016,0.0534,0.1982,0.2872,0.1969,0.1717,0.2216,0.0047,0.2366,0.2082,0.2643
Blackpool,E06000009,0.2605,0.3175,0.061,0.1551,0.3133,0.3086,0.2836,0.3339,0.0089,0.3522,0.3245,0.3805
Cheshire East,E06000049,0.125,0.1551,0.0323,0.3195,0.1965,0.1549,0.1291,0.1806,0.0002,0.19,0.1611,0.2187
Cheshire West and Chester,E06000050,0.1254,0.1572,0.0368,0.2936,0.2097,0.1569,0.1322,0.1816,0.0003,0.1919,0.1638,0.2204
Halton,E06000006,0.0978,0.1433,0.0556,0.1765,0.2691,0.1352,0.109,0.1612,0.0081,0.1781,0.1493,0.2072
Warrington,E06000007,0.1122,0.1521,0.0399,0.2745,0.2068,0.1438,0.1184,0.1695,0.0083,0.1864,0.158,0.2161
Allerdale,E07000026,0.0978,0.122,0.036,0.2277,0.2699,0.1278,0.1023,0.1534,-0.0058,0.1574,0.1285,0.1865
Barrow-in-Furness,E07000027,0.1423,0.1682,0.0463,0.1899,0.2539,0.1779,0.1522,0.203,-0.0097,0.2031,0.1741,0.2315
Carlisle,E07000028,0.143,0.1757,0.0358,0.222,0.2489,0.1744,0.1494,0.2004,0.0013,0.2106,0.1828,0.2394
Copeland,E07000029,0.0873,0.1104,0.0424,0.21,0.2696,0.1184,0.0927,0.1441,-0.008,0.1449,0.116,0.1737
Eden,E07000030,0.1599,0.1809,0.0212,0.2742,0.2267,0.1861,0.1611,0.2115,-0.0052,0.2157,0.187,0.2446
South Lakeland,E07000031,0.1425,0.1673,0.0201,0.3335,0.1889,0.1676,0.1414,0.1927,-0.0003,0.2018,0.1725,0.2302
Bolton,E08000001,0.1369,0.1799,0.0494,0.2216,0.2635,0.1742,0.1488,0.1993,0.0057,0.2148,0.1856,0.2433
Bury,E08000002,0.1379,0.1766,0.0428,0.2568,0.2256,0.1726,0.1469,0.1987,0.004,0.2116,0.1829,0.2409
Manchester,E08000003,0.2838,0.3232,0.0571,0.289,0.2311,0.3323,0.3069,0.358,-0.0091,0.3576,0.329,0.3866
Oldham,E08000004,0.122,0.1771,0.0542,0.1861,0.2959,0.1606,0.1354,0.1853,0.0165,0.2121,0.1836,0.2408
Rochdale,E08000005,0.132,0.1829,0.0592,0.1939,0.287,0.1733,0.147,0.1981,0.0096,0.2178,0.1886,0.2457
Salford,E08000006,0.1875,0.268,0.0522,0.223,0.2711,0.2285,0.2033,0.2534,0.0395,0.3026,0.2743,0.3304
Stockport,E08000007,0.1136,0.1436,0.039,0.2981,0.2064,0.1453,0.1199,0.1708,-0.0017,0.1781,0.1494,0.2068
Tameside,E08000008,0.1324,0.1754,0.0499,0.1755,0.2805,0.1691,0.1435,0.1951,0.0063,0.2102,0.1809,0.2393
Trafford,E08000009,0.127,0.1532,0.0377,0.3378,0.1857,0.1594,0.1333,0.1849,-0.0062,0.188,0.1583,0.2171
Wigan,E08000010,0.1164,0.1591,0.0486,0.1954,0.2734,0.1518,0.1269,0.1764,0.0073,0.1937,0.1656,0.2215
Burnley,E07000117,0.1935,0.2432,0.0527,0.1873,0.2934,0.2349,0.2098,0.26,0.0083,0.278,0.2497,0.3064
Chorley,E07000118,0.1021,0.1389,0.0324,0.2783,0.2124,0.1301,0.1046,0.1556,0.0088,0.1735,0.1446,0.2022
Fylde,E07000119,0.1739,0.1923,0.0309,0.2977,0.2117,0.2056,0.1803,0.2309,-0.0133,0.2274,0.1993,0.2561
Hyndburn,E07000120,0.1816,0.231,0.0461,0.1893,0.2799,0.2193,0.1935,0.2451,0.0117,0.2658,0.2368,0.2948
Lancaster,E07000121,0.189,0.2172,0.0325,0.2721,0.2063,0.2215,0.1962,0.2477,-0.0043,0.2519,0.2234,0.2814
Pendle,E07000122,0.181,0.2296,0.0467,0.2023,0.2816,0.2191,0.1935,0.2439,0.0105,0.2643,0.2356,0.2927
Preston,E07000123,0.1801,0.2237,0.044,0.2462,0.2345,0.2173,0.1924,0.2439,0.0064,0.2586,0.2301,0.288
Ribble Valley,E07000124,0.1363,0.1497,0.0206,0.3398,0.1833,0.1615,0.136,0.1884,-0.0118,0.1843,0.1565,0.2146
Rossendale,E07000125,0.1413,0.1704,0.0417,0.2513,0.2396,0.1755,0.1498,0.2008,-0.0051,0.2051,0.1766,0.2337
South Ribble,E07000126,0.0934,0.128,0.0301,0.264,0.2034,0.1197,0.0939,0.1449,0.0083,0.1626,0.1334,0.1914
West Lancashire,E07000127,0.1045,0.1385,0.039,0.2535,0.2348,0.1357,0.1104,0.1604,0.0028,0.1733,0.145,0.2012
Wyre,E07000128,0.1353,0.182,0.0317,0.2298,0.2588,0.1645,0.1376,0.1909,0.0175,0.2167,0.1871,0.2467
Knowsley,E08000011,0.0975,0.1432,0.0652,0.1546,0.3467,0.1396,0.1146,0.1657,0.0036,0.178,0.1504,0.2069
Liverpool,E08000012,0.2338,0.2606,0.0672,0.2244,0.2872,0.284,0.2585,0.3092,-0.0234,0.2951,0.266,0.3234
Sefton,E08000014,0.134,0.1825,0.049,0.2406,0.2514,0.1712,0.1459,0.1953,0.0113,0.2174,0.189,0.2449
St. Helens,E08000013,0.1021,0.1514,0.0512,0.2087,0.2786,0.1383,0.1123,0.164,0.0131,0.1863,0.1569,0.2153
Wirral,E08000015,0.1584,0.1891,0.0517,0.2526,0.2342,0.198,0.1725,0.224,-0.0089,0.2239,0.1951,0.2529
East Riding of Yorkshire,E06000011,0.1374,0.1692,0.0358,0.2587,0.2337,0.1686,0.1427,0.1938,0.0006,0.2037,0.1749,0.2328
"Kingston upon Hull, City of",E06000010,0.2041,0.239,0.0802,0.1523,0.3165,0.258,0.2321,0.2841,-0.019,0.2738,0.2446,0.3031
North East Lincolnshire,E06000012,0.1811,0.224,0.0646,0.1621,0.2953,0.227,0.2021,0.2517,-0.003,0.259,0.2303,0.2866
North Lincolnshire,E06000013,0.1341,0.1716,0.048,0.1953,0.2618,0.1701,0.1448,0.1965,0.0015,0.2063,0.1777,0.2359
York,E06000014,0.1793,0.1999,0.0306,0.324,0.1796,0.2112,0.1861,0.2368,-0.0113,0.2349,0.2064,0.2646
Craven,E07000163,0.1538,0.181,0.025,0.3176,0.2027,0.1818,0.1556,0.2072,-0.0008,0.2158,0.187,0.2441
Hambleton,E07000164,0.1514,0.1673,0.0256,0.3206,0.1963,0.1796,0.1525,0.2045,-0.0123,0.2021,0.1722,0.2304
Harrogate,E07000165,0.1752,0.19,0.0257,0.341,0.1729,0.2046,0.1799,0.2292,-0.0146,0.2247,0.1966,0.2531
Richmondshire,E07000166,0.2236,0.2323,0.0289,0.2696,0.1856,0.256,0.2304,0.2813,-0.0237,0.267,0.2383,0.2949
Ryedale,E07000167,0.1675,0.1959,0.0274,0.273,0.24,0.1966,0.1701,0.2228,-0.0007,0.2303,0.2003,0.2598
Scarborough,E07000168,0.195,0.2167,0.0425,0.2269,0.2599,0.2322,0.2077,0.2576,-0.0155,0.2515,0.2238,0.2801
Selby,E07000169,0.1098,0.1342,0.0348,0.261,0.2118,0.1393,0.1132,0.1645,-0.0051,0.1691,0.1392,0.1976
Barnsley,E08000016,0.1276,0.1719,0.0513,0.1738,0.3233,0.1648,0.1389,0.1898,0.0071,0.2064,0.1771,0.2346
Doncaster,E08000017,0.1484,0.1943,0.0575,0.1703,0.3026,0.1894,0.1642,0.2151,0.0049,0.2291,0.2004,0.258
Rotherham,E08000018,0.1132,0.1495,0.0523,0.1739,0.2984,0.15,0.1244,0.1766,-0.0005,0.1841,0.1552,0.2136
Sheffield,E08000019,0.1555,0.1872,0.0478,0.2566,0.243,0.1934,0.1681,0.2187,-0.0062,0.2221,0.1933,0.2508
Bradford,E08000032,0.181,0.23,0.058,0.2184,0.2771,0.2242,0.1993,0.2491,0.0058,0.2646,0.2369,0.2931
Calderdale,E08000033,0.1641,0.2038,0.0497,0.2498,0.238,0.2033,0.1774,0.2281,0.0005,0.2388,0.209,0.2673
Kirklees,E08000034,0.1553,0.1907,0.0471,0.2387,0.2544,0.1927,0.1671,0.2182,-0.002,0.2257,0.1964,0.2547
Leeds,E08000035,0.1792,0.2179,0.0478,0.2694,0.2321,0.2184,0.1933,0.2445,-0.0005,0.2528,0.2242,0.2822
Wakefield,E08000036,0.1141,0.1486,0.0486,0.1835,0.3108,0.1498,0.1244,0.1749,-0.0012,0.1835,0.1546,0.212
Derby,E06000015,0.1681,0.2125,0.0519,0.2421,0.241,0.208,0.1826,0.2333,0.0045,0.2471,0.2183,0.2758
Leicester,E06000016,0.2274,0.2939,0.0618,0.2119,0.2856,0.2746,0.2483,0.3004,0.0193,0.3283,0.2986,0.3569
Nottingham,E06000018,0.2307,0.2861,0.0637,0.2194,0.2559,0.2788,0.2533,0.3037,0.0073,0.3207,0.2921,0.3485
Rutland,E06000017,0.1555,0.1672,0.0238,0.329,0.1777,0.1829,0.1568,0.2082,-0.0157,0.2018,0.1728,0.2303
Amber Valley,E07000032,0.1179,0.1463,0.0387,0.2315,0.2699,0.15,0.1247,0.1754,-0.0037,0.1815,0.1529,0.2107
Bolsover,E07000033,0.1304,0.1717,0.0467,0.1584,0.3289,0.1657,0.14,0.192,0.006,0.2064,0.1778,0.2357
Chesterfield,E07000034,0.1242,0.1619,0.0466,0.2102,0.2759,0.1593,0.1333,0.1852,0.0026,0.1965,0.1679,0.2256
Derbyshire Dales,E07000035,0.1256,0.144,0.0268,0.3342,0.2154,0.1537,0.1282,0.1791,-0.0097,0.1791,0.1497,0.2074
Erewash,E07000036,0.1287,0.1683,0.0453,0.2068,0.2589,0.1632,0.1376,0.1876,0.0051,0.2028,0.1736,0.23
High Peak,E07000037,0.1343,0.1605,0.0382,0.2941,0.2086,0.167,0.1414,0.1927,-0.0065,0.1953,0.1669,0.224
North East Derbyshire,E07000038,0.0739,0.1002,0.0367,0.2218,0.2694,0.1028,0.0765,0.1275,-0.0026,0.1356,0.1063,0.1634
South Derbyshire,E07000039,0.1305,0.147,0.0306,0.2595,0.2201,0.1591,0.1338,0.1849,-0.0121,0.1817,0.1534,0.2107
Blaby,E07000129,0.1002,0.128,0.0286,0.2487,0.2222,0.1261,0.1006,0.1515,0.0019,0.1627,0.1333,0.1917
Charnwood,E07000130,0.1413,0.1737,0.0309,0.2677,0.205,0.1703,0.1451,0.196,0.0034,0.2082,0.1794,0.2374
Harborough,E07000131,0.1124,0.1346,0.0245,0.3184,0.1805,0.1378,0.1114,0.1634,-0.0032,0.1692,0.1398,0.1976
Hinckley and Bosworth,E07000132,0.1136,0.1439,0.0315,0.2406,0.2439,0.1414,0.1167,0.1676,0.0025,0.1783,0.1498,0.2075
Melton,E07000133,0.1421,0.1717,0.0289,0.2615,0.2136,0.1708,0.1451,0.1962,0.0009,0.2067,0.1781,0.2351
North West Leicestershire,E07000134,0.1127,0.1351,0.0344,0.2428,0.2598,0.1424,0.1174,0.1676,-0.0073,0.1701,0.1417,0.1983
Oadby and Wigston,E07000135,0.0992,0.1602,0.0322,0.2475,0.2257,0.1268,0.1016,0.1528,0.0334,0.195,0.1664,0.2247
Boston,E07000136,0.1572,0.2029,0.0416,0.1513,0.327,0.1916,0.1668,0.2175,0.0113,0.2378,0.2095,0.2668
East Lindsey,E07000137,0.1733,0.2025,0.0397,0.1806,0.3262,0.2078,0.1816,0.2336,-0.0053,0.237,0.208,0.2658
Lincoln,E07000138,0.2095,0.2719,0.0494,0.2129,0.2191,0.2501,0.2241,0.2763,0.0218,0.307,0.2775,0.3359
North Kesteven,E07000139,0.1345,0.1601,0.0291,0.2543,0.2175,0.1624,0.137,0.1875,-0.0023,0.1947,0.1661,0.2233
South Holland,E07000140,0.1265,0.1706,0.0396,0.1579,0.3085,0.1584,0.1323,0.1842,0.0122,0.2056,0.1767,0.2348
South Kesteven,E07000141,0.1463,0.1802,0.0334,0.2564,0.2164,0.1769,0.1515,0.2015,0.0033,0.215,0.1865,0.2424
West Lindsey,E07000142,0.1369,0.1788,0.0381,0.2528,0.23,0.1691,0.1436,0.1944,0.0097,0.2134,0.1849,0.2418
Ashfield,E07000170,0.1277,0.1706,0.047,0.1509,0.3138,0.1627,0.1371,0.1875,0.0079,0.2053,0.1767,0.2342
Bassetlaw,E07000171,0.1253,0.1623,0.0395,0.2024,0.2847,0.1575,0.1319,0.1827,0.0048,0.1972,0.1687,0.2252
Broxtowe,E07000172,0.1408,0.1728,0.0387,0.2824,0.2313,0.1743,0.1489,0.2,-0.0015,0.2079,0.1787,0.2366
Gedling,E07000173,0.1315,0.1589,0.0407,0.2533,0.2359,0.165,0.1393,0.1908,-0.0061,0.1939,0.1646,0.2229
Mansfield,E07000174,0.1361,0.1887,0.046,0.1636,0.3036,0.1712,0.1453,0.1979,0.0175,0.2234,0.1939,0.2533
Newark and Sherwood,E07000175,0.1287,0.1617,0.0356,0.2416,0.2506,0.1592,0.1338,0.1838,0.0025,0.1962,0.1672,0.2235
Rushcliffe,E07000176,0.1327,0.1466,0.0275,0.3899,0.1638,0.1616,0.1367,0.1876,-0.015,0.1816,0.1532,0.2105
"Herefordshire, County of",E06000019,0.1551,0.1884,0.0326,0.2749,0.2293,0.1864,0.1615,0.2116,0.002,0.2234,0.1949,0.2516
Shropshire,E06000051,0.1498,0.1746,0.0328,0.275,0.2251,0.1808,0.1546,0.2063,-0.0062,0.2095,0.18,0.2383
Stoke-on-Trent,E06000021,0.1435,0.2029,0.0531,0.1547,0.3378,0.1821,0.1563,0.2076,0.0208,0.2374,0.2085,0.2658
Telford and Wrekin,E06000020,0.1498,0.2117,0.0475,0.2092,0.2462,0.1866,0.161,0.2129,0.0251,0.2466,0.2172,0.2763
Cannock Chase,E07000192,0.1214,0.1579,0.0458,0.1722,0.2819,0.1553,0.1304,0.1803,0.0026,0.1923,0.1642,0.2207
East Staffordshire,E07000193,0.1514,0.1948,0.0382,0.2338,0.2469,0.1846,0.1588,0.2098,0.0102,0.2299,0.2008,0.2587
Lichfield,E07000194,0.0954,0.1275,0.0339,0.2842,0.2242,0.1243,0.0989,0.1495,0.0032,0.1625,0.1339,0.1909
Newcastle-under-Lyme,E07000195,0.1048,0.1448,0.0366,0.2249,0.2678,0.1348,0.1086,0.1602,0.01,0.1796,0.1502,0.2081
South Staffordshire,E07000196,0.0848,0.1057,0.0331,0.2509,0.2398,0.1122,0.0854,0.1385,-0.0065,0.1404,0.1104,0.1704
Stafford,E07000197,0.1294,0.1555,0.0311,0.3028,0.2039,0.1592,0.1335,0.1844,-0.0037,0.1908,0.1611,0.2193
Staffordshire Moorlands,E07000198,0.0982,0.1269,0.0282,0.2374,0.2658,0.1244,0.099,0.1506,0.0025,0.1619,0.1339,0.191
Tamworth,E07000199,0.1099,0.1411,0.0447,0.1742,0.2679,0.1426,0.117,0.1679,-0.0015,0.1755,0.1469,0.2042
North Warwickshire,E07000218,0.1129,0.149,0.036,0.1978,0.2792,0.1427,0.1166,0.1681,0.0063,0.1838,0.1549,0.2123
Nuneaton and Bedworth,E07000219,0.1268,0.1661,0.0474,0.1857,0.2804,0.1621,0.1352,0.1889,0.004,0.2007,0.1709,0.2307
Rugby,E07000220,0.141,0.1802,0.0359,0.2818,0.1955,0.1725,0.147,0.198,0.0077,0.2149,0.1864,0.2437
Stratford-on-Avon,E07000221,0.127,0.1406,0.0246,0.3338,0.1934,0.1537,0.1277,0.1793,-0.0131,0.1755,0.1463,0.2047
Warwick,E07000222,0.1792,0.1902,0.0303,0.3844,0.1639,0.2118,0.1863,0.2373,-0.0216,0.2253,0.1973,0.2541
Birmingham,E08000025,0.1787,0.226,0.0712,0.2298,0.2823,0.2283,0.2036,0.2538,-0.0023,0.261,0.2339,0.2895
Coventry,E08000026,0.2061,0.2475,0.054,0.2305,0.2393,0.2485,0.2227,0.2742,-0.001,0.2819,0.2531,0.3109
Dudley,E08000027,0.0924,0.1382,0.0532,0.1917,0.2998,0.1289,0.104,0.1542,0.0093,0.1729,0.1451,0.2012
Sandwell,E08000028,0.129,0.1861,0.0731,0.1536,0.3517,0.1763,0.1508,0.2022,0.0098,0.221,0.1925,0.2494
Solihull,E08000029,0.0988,0.1285,0.0425,0.2853,0.2271,0.1314,0.1068,0.1567,-0.0029,0.1631,0.1351,0.1918
Walsall,E08000030,0.1166,0.1634,0.0677,0.1689,0.3371,0.1607,0.1349,0.1856,0.0027,0.198,0.1693,0.2263
Wolverhampton,E08000031,0.1317,0.1903,0.0785,0.1951,0.3123,0.1816,0.1548,0.2071,0.0087,0.2249,0.1951,0.2532
Bromsgrove,E07000234,0.088,0.1061,0.0305,0.3054,0.2129,0.1149,0.0888,0.1413,-0.0088,0.1408,0.1112,0.1701
Malvern Hills,E07000235,0.1155,0.1334,0.0316,0.3393,0.2031,0.1448,0.1195,0.1693,-0.0114,0.1682,0.1394,0.1955
Redditch,E07000236,0.1169,0.1441,0.046,0.207,0.2512,0.1511,0.1253,0.1765,-0.007,0.1787,0.1497,0.2077
Worcester,E07000237,0.1818,0.2123,0.0418,0.2766,0.2132,0.2185,0.1935,0.2435,-0.0062,0.2473,0.2192,0.2754
Wychavon,E07000238,0.1095,0.1306,0.0313,0.2872,0.2211,0.1375,0.1121,0.1619,-0.0069,0.1651,0.1365,0.1929
Wyre Forest,E07000239,0.1317,0.1597,0.042,0.2207,0.2781,0.1657,0.1398,0.1921,-0.006,0.1947,0.1651,0.224
Bedford,E06000055,0.1584,0.191,0.0445,0.2814,0.2037,0.195,0.1704,0.22,-0.004,0.2259,0.1974,0.2543
Central Bedfordshire,E06000056,0.1208,0.1372,0.0345,0.2727,0.1938,0.1505,0.1254,0.1761,-0.0133,0.1718,0.1432,0.2007
Luton,E06000032,0.2263,0.2899,0.0574,0.2225,0.2362,0.2714,0.2457,0.2965,0.0185,0.3247,0.2962,0.3528
Peterborough,E06000031,0.1914,0.2438,0.0506,0.2024,0.2502,0.2314,0.2054,0.2564,0.0124,0.2784,0.2492,0.3063
Southend-on-Sea,E06000033,0.2201,0.265,0.0497,0.2183,0.2462,0.2616,0.2355,0.2869,0.0034,0.2999,0.2712,0.3281
Thurrock,E06000034,0.1407,0.1828,0.0542,0.1744,0.2645,0.1795,0.1547,0.2048,0.0033,0.2175,0.1894,0.2461
Cambridge,E07000008,0.2624,0.3143,0.0269,0.4733,0.1189,0.2983,0.2731,0.3237,0.016,0.3491,0.3216,0.3773
East Cambridgeshire,E07000009,0.1322,0.1645,0.0288,0.2902,0.2093,0.1607,0.1362,0.1863,0.0038,0.1995,0.1721,0.2283
Fenland,E07000010,0.1561,0.1995,0.0423,0.1488,0.3125,0.1905,0.1644,0.2159,0.009,0.2343,0.2051,0.2629
Huntingdonshire,E07000011,0.1409,0.1678,0.0316,0.2792,0.1922,0.1706,0.1453,0.1954,-0.0028,0.2026,0.1741,0.231
South Cambridgeshire,E07000012,0.1196,0.1401,0.0232,0.401,0.1529,0.1464,0.1202,0.1712,-0.0063,0.1755,0.1465,0.2037
Basildon,E07000066,0.1024,0.1424,0.0465,0.1863,0.2664,0.1359,0.1104,0.1607,0.0065,0.1769,0.1483,0.205
Braintree,E07000067,0.1324,0.1507,0.0376,0.222,0.2283,0.1639,0.1383,0.1902,-0.0132,0.1856,0.1563,0.2151
Brentwood,E07000068,0.1126,0.1596,0.0315,0.3068,0.1938,0.1411,0.1152,0.167,0.0185,0.1943,0.1649,0.2232
Castle Point,E07000069,0.1089,0.1401,0.0354,0.1462,0.2992,0.1376,0.1128,0.163,0.0025,0.1748,0.147,0.2039
Chelmsford,E07000070,0.1198,0.1555,0.0341,0.288,0.1886,0.1495,0.1236,0.1747,0.006,0.1902,0.1615,0.2187
Colchester,E07000071,0.1869,0.2153,0.0347,0.2716,0.194,0.2202,0.1948,0.2455,-0.0049,0.2501,0.2218,0.2786
Epping Forest,E07000072,0.1104,0.1493,0.036,0.2534,0.2395,0.1405,0.1146,0.1662,0.0088,0.1841,0.1551,0.213
Harlow,E07000073,0.1085,0.1538,0.0519,0.1763,0.2605,0.1449,0.1187,0.1697,0.0089,0.1888,0.1598,0.217
Maldon,E07000074,0.0966,0.1175,0.0304,0.2364,0.2313,0.1232,0.098,0.1487,-0.0057,0.1523,0.1235,0.1809
Rochford,E07000075,0.0847,0.107,0.0304,0.2001,0.2363,0.1104,0.0849,0.1357,-0.0034,0.1421,0.1137,0.17
Tendring,E07000076,0.162,0.1982,0.0467,0.1588,0.343,0.1989,0.173,0.2245,-0.0007,0.2328,0.2037,0.261
Uttlesford,E07000077,0.1312,0.1454,0.0267,0.3194,0.1772,0.1588,0.1332,0.1847,-0.0134,0.1804,0.1514,0.2097
Broxbourne,E07000095,0.1115,0.1598,0.0418,0.1923,0.2555,0.1434,0.1182,0.1684,0.0164,0.1944,0.1662,0.2232
Dacorum,E07000096,0.1186,0.1434,0.0367,0.3093,0.1877,0.1496,0.1234,0.1754,-0.0062,0.178,0.148,0.2067
East Hertfordshire,E07000242,0.1316,0.1607,0.0285,0.3347,0.1721,0.1599,0.1344,0.1855,0.0008,0.1954,0.1665,0.2243
Hertsmere,E07000098,0.1252,0.1727,0.0371,0.308,0.1942,0.1571,0.1314,0.1822,0.0156,0.2077,0.1786,0.2361
North Hertfordshire,E07000099,0.1309,0.1537,0.0344,0.3442,0.1799,0.1621,0.1369,0.1875,-0.0084,0.1884,0.1601,0.2165
St Albans,E07000240,0.1358,0.1628,0.0272,0.4634,0.129,0.1653,0.1404,0.1913,-0.0025,0.1975,0.1699,0.2266
Stevenage,E07000243,0.114,0.1498,0.048,0.2208,0.2152,0.1491,0.1225,0.1756,0.0007,0.1848,0.1555,0.2144
Three Rivers,E07000102,0.1056,0.1345,0.0318,0.3391,0.1756,0.1342,0.1093,0.1595,0.0003,0.1692,0.1413,0.1974
Watford,E07000103,0.2009,0.282,0.0406,0.322,0.1745,0.2381,0.2129,0.2631,0.0439,0.3168,0.2879,0.3445
Welwyn Hatfield,E07000241,0.1355,0.1642,0.033,0.3001,0.1721,0.1656,0.1389,0.1918,-0.0014,0.199,0.1696,0.2287
Breckland,E07000143,0.1521,0.1811,0.0351,0.1865,0.2796,0.1832,0.1571,0.2088,-0.0021,0.2157,0.1866,0.2443
Broadland,E07000144,0.1035,0.1228,0.0256,0.2318,0.2291,0.1276,0.1027,0.1531,-0.0048,0.1569,0.1287,0.1858
Great Yarmouth,E07000145,0.1646,0.215,0.0606,0.1421,0.3281,0.208,0.1832,0.233,0.007,0.2501,0.2219,0.2789
King's Lynn and West Norfolk,E07000146,0.1473,0.1883,0.0366,0.1913,0.2928,0.1792,0.1541,0.204,0.0091,0.2231,0.1947,0.2509
North Norfolk,E07000147,0.1447,0.1765,0.0332,0.2226,0.2745,0.1751,0.1502,0.2003,0.0014,0.2112,0.1829,0.2402
Norwich,E07000148,0.217,0.2692,0.0502,0.2773,0.2263,0.2594,0.2334,0.2842,0.0098,0.3043,0.2751,0.3325
South Norfolk,E07000149,0.112,0.1389,0.0273,0.2704,0.2257,0.1381,0.1127,0.1641,0.0008,0.1733,0.1442,0.2025
Babergh,E07000200,0.1256,0.1482,0.0298,0.2581,0.2279,0.1536,0.1288,0.1798,-0.0054,0.1828,0.1552,0.2126
Ipswich,E07000202,0.1993,0.2296,0.0536,0.2063,0.2581,0.241,0.2157,0.2666,-0.0114,0.2641,0.2352,0.2931
Mid Suffolk,E07000203,0.112,0.1371,0.0255,0.2644,0.2233,0.1374,0.1127,0.1624,-0.0003,0.1718,0.1433,0.2003
Camden,E09000007,0.3223,0.3559,0.0446,0.5055,0.1268,0.3698,0.3438,0.3963,-0.0139,0.3907,0.3617,0.4197
City of London,E09000001,0.3587,0.4829,0.0296,0.6836,0.0672,0.4036,0.3768,0.4303,0.0793,0.5179,0.4894,0.5466
Hackney,E09000012,0.2896,0.3219,0.0705,0.4181,0.1956,0.3462,0.3198,0.3716,-0.0243,0.3565,0.3282,0.3843
Hammersmith and Fulham,E09000013,0.3171,0.3638,0.0485,0.4956,0.1277,0.3659,0.3392,0.3921,-0.0021,0.3985,0.3696,0.4273
Haringey,E09000014,0.3148,0.3557,0.0608,0.4078,0.1783,0.3686,0.3436,0.3944,-0.0129,0.3909,0.3626,0.4193
Islington,E09000019,0.2695,0.3117,0.0543,0.4805,0.1699,0.3187,0.2927,0.3446,-0.007,0.3465,0.3185,0.3745
Kensington and Chelsea,E09000020,0.3579,0.3956,0.0431,0.5268,0.1009,0.4067,0.381,0.4328,-0.0111,0.4305,0.4022,0.4589
Lambeth,E09000022,0.2933,0.3143,0.06,0.4662,0.1424,0.3457,0.3193,0.3715,-0.0314,0.3491,0.3198,0.3775
Lewisham,E09000023,0.2431,0.272,0.0619,0.38,0.1772,0.2925,0.2668,0.3183,-0.0205,0.3063,0.2772,0.3352
Newham,E09000025,0.3405,0.3851,0.0687,0.3014,0.2062,0.3972,0.3708,0.4242,-0.0121,0.4196,0.39,0.4496
Southwark,E09000028,0.2366,0.2867,0.06,0.4307,0.1634,0.2857,0.2595,0.3113,0.001,0.3213,0.2922,0.3495
Tower Hamlets,E09000030,0.3255,0.3816,0.0675,0.4103,0.1996,0.3826,0.3566,0.4074,-0.001,0.4162,0.3879,0.4443
Wandsworth,E09000032,0.3166,0.3627,0.0382,0.5357,0.1157,0.3611,0.3349,0.387,0.0016,0.3973,0.3686,0.426
Westminster,E09000033,0.3966,0.4331,0.0452,0.5029,0.1282,0.4483,0.4227,0.4738,-0.0152,0.468,0.4403,0.4957
Barking and Dagenham,E09000002,0.1769,0.2421,0.0734,0.2087,0.279,0.2268,0.2015,0.2518,0.0153,0.2768,0.2485,0.305
Barnet,E09000003,0.2564,0.3271,0.0444,0.4034,0.1554,0.2989,0.2734,0.3253,0.0282,0.3616,0.3329,0.3915
Bexley,E09000004,0.114,0.153,0.0437,0.2177,0.2297,0.1473,0.1212,0.1731,0.0057,0.188,0.1585,0.2172
Brent,E09000005,0.3009,0.3602,0.0579,0.3325,0.1921,0.3514,0.3254,0.3775,0.0088,0.3951,0.3663,0.4243
Bromley,E09000006,0.1329,0.1742,0.039,0.3308,0.1791,0.166,0.1395,0.1919,0.0082,0.2089,0.1795,0.2381
Croydon,E09000008,0.2101,0.2579,0.0552,0.3177,0.1762,0.2542,0.2283,0.2814,0.0037,0.2926,0.2636,0.3218
Ealing,E09000009,0.2755,0.3403,0.0521,0.3704,0.1646,0.322,0.2969,0.3466,0.0183,0.3747,0.3469,0.4027
Enfield,E09000010,0.2217,0.2926,0.0589,0.2872,0.2299,0.2683,0.2426,0.2935,0.0243,0.3276,0.2989,0.3564
Greenwich,E09000011,0.198,0.255,0.0617,0.332,0.2063,0.2448,0.2193,0.2704,0.0102,0.2896,0.2608,0.318
Harrow,E09000015,0.2174,0.2956,0.0449,0.3676,0.1675,0.2581,0.2329,0.2832,0.0375,0.3305,0.3022,0.3588
Havering,E09000016,0.1063,0.1582,0.0446,0.1944,0.2642,0.1395,0.1141,0.1646,0.0187,0.193,0.1648,0.2213
Hillingdon,E09000017,0.181,0.2589,0.0435,0.2804,0.1914,0.2178,0.1919,0.2437,0.0411,0.2934,0.2649,0.3224
Hounslow,E09000018,0.234,0.3087,0.0464,0.3456,0.1733,0.2759,0.2501,0.3012,0.0328,0.3436,0.315,0.372
Kingston upon Thames,E09000021,0.2249,0.2729,0.0322,0.4144,0.1341,0.2604,0.2347,0.2865,0.0125,0.3075,0.2788,0.3367
Merton,E09000024,0.2476,0.2906,0.0406,0.4109,0.1516,0.2885,0.2624,0.3136,0.0021,0.3255,0.2961,0.3537
Redbridge,E09000026,0.2286,0.3045,0.0531,0.3392,0.1845,0.2733,0.2475,0.2991,0.0312,0.3394,0.3104,0.3688
Richmond upon Thames,E09000027,0.2185,0.2474,0.0301,0.5304,0.1061,0.2544,0.2287,0.2803,-0.007,0.2823,0.2537,0.3108
Sutton,E09000029,0.159,0.2026,0.0391,0.3008,0.1862,0.1935,0.1679,0.2197,0.0091,0.2377,0.2093,0.2666
Waltham Forest,E09000031,0.2592,0.2779,0.061,0.2999,0.2081,0.3086,0.2833,0.3341,-0.0307,0.3128,0.284,0.3419
Bracknell Forest,E06000036,0.125,0.1573,0.0338,0.3031,0.1631,0.1549,0.1301,0.1798,0.0024,0.1921,0.1641,0.2206
Brighton and Hove,E06000043,0.2959,0.3269,0.0371,0.3686,0.1606,0.3368,0.3112,0.3624,-0.0099,0.3615,0.333,0.3904
Isle of Wight,E06000046,0.1742,0.2066,0.044,0.2263,0.2429,0.2108,0.1852,0.2364,-0.0042,0.2414,0.213,0.2706
Medway,E06000035,0.1709,0.2018,0.0488,0.1913,0.2291,0.2087,0.1824,0.2344,-0.0069,0.2364,0.207,0.2652
Milton Keynes,E06000042,0.1731,0.2092,0.0476,0.2822,0.1802,0.2115,0.1867,0.2366,-0.0023,0.244,0.2163,0.2719
Portsmouth,E06000044,0.2468,0.2863,0.0425,0.2369,0.2117,0.2859,0.2602,0.312,0.0004,0.3206,0.2915,0.3493
Reading,E06000038,0.2608,0.3195,0.0456,0.3479,0.1739,0.3037,0.2768,0.3298,0.0158,0.3542,0.3243,0.384
Slough,E06000039,0.2432,0.307,0.0542,0.2584,0.201,0.2877,0.2622,0.3132,0.0193,0.3414,0.3133,0.3702
Southampton,E06000045,0.2488,0.2919,0.0423,0.2462,0.2096,0.2883,0.2623,0.3146,0.0036,0.3265,0.2969,0.3557
West Berkshire,E06000037,0.1372,0.1715,0.0293,0.3211,0.1716,0.166,0.1403,0.1919,0.0055,0.2062,0.1769,0.2355
Windsor and Maidenhead,E06000040,0.1616,0.206,0.0316,0.384,0.1565,0.1933,0.1682,0.2192,0.0127,0.2405,0.2121,0.2698
Wokingham,E06000041,0.112,0.1414,0.0263,0.3998,0.1319,0.1392,0.1134,0.1649,0.0022,0.1763,0.1476,0.2053
Eastbourne,E07000061,0.2331,0.2657,0.0408,0.2442,0.2324,0.2712,0.2458,0.2972,-0.0055,0.3002,0.2712,0.3294
Hastings,E07000062,0.2882,0.2861,0.0548,0.2123,0.2538,0.3356,0.3096,0.3617,-0.0495,0.3211,0.2925,0.3501
Lewes,E07000063,0.1448,0.169,0.0335,0.2942,0.2145,0.176,0.1505,0.2011,-0.007,0.2038,0.1747,0.2322
Rother,E07000064,0.1405,0.1622,0.0321,0.2546,0.247,0.1708,0.146,0.1972,-0.0086,0.1973,0.1695,0.2266
Wealden,E07000065,0.1113,0.1348,0.0252,0.2888,0.1988,0.1365,0.111,0.1625,-0.0017,0.1692,0.1405,0.1982
Basingstoke and Deane,E07000084,0.1179,0.154,0.0324,0.3045,0.1734,0.1471,0.1221,0.1723,0.0069,0.1889,0.1605,0.2179
East Hampshire,E07000085,0.1167,0.1304,0.0255,0.3387,0.1687,0.1433,0.1174,0.1693,-0.0129,0.1655,0.1364,0.1951
Eastleigh,E07000086,0.1234,0.1394,0.0302,0.2791,0.1765,0.1515,0.1261,0.1771,-0.0121,0.1743,0.1454,0.2031
Fareham,E07000087,0.0997,0.1255,0.0261,0.2975,0.1756,0.1253,0.0997,0.1509,0.0002,0.1607,0.1314,0.1891
Gosport,E07000088,0.1631,0.1869,0.0424,0.2148,0.2161,0.1984,0.1728,0.2253,-0.0115,0.2221,0.1934,0.2514
Hart,E07000089,0.1207,0.1362,0.0238,0.3749,0.135,0.1465,0.1203,0.1725,-0.0103,0.1707,0.1415,0.2
Havant,E07000090,0.0991,0.1242,0.0399,0.2228,0.2504,0.1302,0.1042,0.156,-0.006,0.1592,0.13,0.1883
New Forest,E07000091,0.1209,0.1434,0.0263,0.2724,0.2114,0.1475,0.1226,0.1734,-0.0041,0.1785,0.1509,0.2079
Rushmoor,E07000092,0.1755,0.215,0.0372,0.2471,0.1863,0.2087,0.1844,0.2344,0.0063,0.2496,0.222,0.2785
Test Valley,E07000093,0.1287,0.1475,0.0252,0.3053,0.1836,0.1552,0.1297,0.1802,-0.0077,0.1823,0.1542,0.2104
Winchester,E07000094,0.1409,0.1759,0.023,0.4066,0.1454,0.1682,0.1426,0.1939,0.0077,0.2107,0.1821,0.2388
Ashford,E07000105,0.1433,0.1773,0.0363,0.2463,0.2117,0.1747,0.149,0.2006,0.0026,0.2119,0.1834,0.2406
Canterbury,E07000106,0.1954,0.2198,0.0305,0.273,0.2046,0.2272,0.2032,0.2526,-0.0074,0.2544,0.2268,0.2831
Dartford,E07000107,0.1593,0.1811,0.044,0.2205,0.2112,0.1947,0.1681,0.2204,-0.0136,0.2158,0.1865,0.2452
Dover,E07000108,0.1709,0.1898,0.0446,0.2196,0.2504,0.2076,0.1816,0.2335,-0.0178,0.2246,0.1951,0.2539
Gravesham,E07000109,0.1614,0.1905,0.0507,0.1996,0.2438,0.1999,0.1738,0.2261,-0.0094,0.2252,0.1966,0.2544
Maidstone,E07000110,0.1459,0.1733,0.034,0.2563,0.2065,0.1771,0.1506,0.2021,-0.0038,0.2086,0.1785,0.2372
Sevenoaks,E07000111,0.1075,0.1336,0.0284,0.3198,0.192,0.1344,0.1089,0.1598,-0.0008,0.1682,0.1393,0.1969
Folkestone and Hythe,E07000112,0.222,0.2249,0.0459,0.2177,0.2467,0.2618,0.2366,0.2868,-0.0369,0.2597,0.2313,0.2876
Swale,E07000113,0.1519,0.1835,0.046,0.1892,0.2737,0.1881,0.1632,0.214,-0.0046,0.2184,0.1901,0.2473
Thanet,E07000114,0.2378,0.2626,0.0567,0.1961,0.2836,0.283,0.2576,0.3091,-0.0204,0.2971,0.2688,0.3268
Tonbridge and Malling,E07000115,0.1011,0.125,0.0298,0.271,0.1997,0.1275,0.1013,0.1534,-0.0025,0.1594,0.1295,0.1888
Tunbridge Wells,E07000116,0.1695,0.1922,0.0295,0.3464,0.1707,0.2,0.1746,0.2253,-0.0078,0.2265,0.1978,0.2554
Cherwell,E07000177,0.1623,0.1978,0.0284,0.2806,0.1969,0.1918,0.1662,0.2169,0.006,0.2327,0.2032,0.261
Oxford,E07000178,0.2823,0.3215,0.0321,0.4259,0.1364,0.3208,0.2948,0.3465,0.0007,0.356,0.3268,0.3848
South Oxfordshire,E07000179,0.1333,0.1591,0.0252,0.3671,0.1647,0.1609,0.1354,0.1857,-0.0018,0.194,0.1652,0.222
Vale of White Horse,E07000180,0.1363,0.1566,0.025,0.3721,0.1668,0.1642,0.1385,0.1889,-0.0076,0.1917,0.1628,0.2201
West Oxfordshire,E07000181,0.1485,0.1786,0.0227,0.3291,0.1765,0.1751,0.1498,0.2017,0.0035,0.2134,0.1845,0.2432
Elmbridge,E07000207,0.1513,0.175,0.0267,0.4385,0.1323,0.181,0.1559,0.2062,-0.006,0.2097,0.1817,0.2381
Epsom and Ewell,E07000208,0.133,0.1612,0.0273,0.3598,0.1583,0.1609,0.1345,0.1868,0.0003,0.1957,0.1661,0.2249
Guildford,E07000209,0.1579,0.196,0.0269,0.3952,0.142,0.1873,0.1618,0.2125,0.0087,0.2304,0.202,0.2586
Mole Valley,E07000210,0.1192,0.141,0.0252,0.3794,0.1597,0.146,0.1197,0.1724,-0.005,0.1757,0.1459,0.2047
Reigate and Banstead,E07000211,0.1294,0.1568,0.0292,0.3396,0.1658,0.1583,0.1321,0.1838,-0.0015,0.1918,0.1622,0.2207
Runnymede,E07000212,0.152,0.1909,0.0273,0.2992,0.1827,0.1801,0.1542,0.2058,0.0108,0.2252,0.1966,0.2542
Spelthorne,E07000213,0.1266,0.1791,0.0326,0.2595,0.2042,0.1553,0.1304,0.1799,0.0238,0.2133,0.185,0.2405
Surrey Heath,E07000214,0.1214,0.1536,0.0277,0.3447,0.1499,0.1489,0.1241,0.1736,0.0047,0.1884,0.1603,0.2165
Tandridge,E07000215,0.11,0.1328,0.0277,0.3297,0.1713,0.1367,0.112,0.1616,-0.0039,0.1673,0.1394,0.1953
Waverley,E07000216,0.1132,0.1469,0.0242,0.4014,0.1517,0.1395,0.113,0.1663,0.0074,0.1816,0.1523,0.2116
Woking,E07000217,0.1567,0.2109,0.0322,0.3836,0.1521,0.189,0.1639,0.215,0.0219,0.2462,0.2177,0.2759
Adur,E07000223,0.1142,0.148,0.0334,0.2199,0.2558,0.1431,0.1175,0.168,0.0049,0.1829,0.1542,0.2111
Arun,E07000224,0.1531,0.182,0.0334,0.2277,0.2486,0.1838,0.1589,0.2105,-0.0018,0.2166,0.1885,0.2462
Chichester,E07000225,0.1489,0.1812,0.028,0.3239,0.1951,0.178,0.1514,0.2032,0.0032,0.2159,0.186,0.2447
Crawley,E07000226,0.1454,0.1981,0.0451,0.2154,0.201,0.1805,0.1554,0.2061,0.0176,0.2329,0.2048,0.2616
Horsham,E07000227,0.118,0.1452,0.0271,0.3261,0.1631,0.1448,0.1197,0.1702,0.0004,0.1799,0.1518,0.2085
Mid Sussex,E07000228,0.1275,0.1533,0.0243,0.3363,0.1484,0.1537,0.1272,0.1795,-0.0004,0.1882,0.1583,0.2168
Worthing,E07000229,0.1935,0.2204,0.0347,0.2596,0.2131,0.2275,0.2009,0.254,-0.0071,0.2556,0.2255,0.2857
Bath and North East Somerset,E06000022,0.1693,0.1932,0.0272,0.334,0.1717,0.1988,0.1733,0.2242,-0.0056,0.2277,0.1994,0.2569
"Bristol, City of",E06000023,0.2355,0.262,0.043,0.3278,0.2016,0.2758,0.2503,0.3002,-0.0138,0.2967,0.2678,0.3246
Cornwall,E06000052,0.1676,0.1971,0.0326,0.2499,0.2243,0.199,0.1739,0.2244,-0.0019,0.2319,0.2029,0.2605
Isles of Scilly,E06000053,0.2973,0.3663,0.0111,0.3301,0.1422,0.3263,0.2999,0.3526,0.04,0.4013,0.3727,0.4302
North Somerset,E06000024,0.1617,0.1841,0.0299,0.2835,0.1961,0.1919,0.1665,0.2166,-0.0078,0.219,0.1904,0.2475
Plymouth,E06000026,0.2015,0.2263,0.0424,0.2146,0.2226,0.2384,0.2131,0.2646,-0.0121,0.2611,0.2326,0.2895
South Gloucestershire,E06000025,0.1358,0.1574,0.0278,0.2669,0.1861,0.1628,0.1371,0.1888,-0.0054,0.1917,0.1629,0.2212
Swindon,E06000030,0.1604,0.1932,0.0423,0.2271,0.2052,0.1954,0.1699,0.2218,-0.0022,0.2282,0.1998,0.2574
Torbay,E06000027,0.2321,0.2662,0.0455,0.2065,0.2582,0.2718,0.2475,0.2974,-0.0056,0.3006,0.2732,0.3289
Wiltshire,E06000054,0.1543,0.174,0.0294,0.2949,0.1863,0.1836,0.1579,0.2098,-0.0096,0.2085,0.1789,0.2381
East Devon,E07000040,0.1361,0.1602,0.0245,0.2908,0.2107,0.1624,0.1371,0.1878,-0.0022,0.1947,0.1661,0.2234
Exeter,E07000041,0.2099,0.2494,0.0306,0.2856,0.1833,0.2423,0.2165,0.2674,0.0071,0.2838,0.2552,0.3121
Mid Devon,E07000042,0.1554,0.1856,0.0271,0.2645,0.2266,0.1834,0.1578,0.2083,0.0022,0.2199,0.1915,0.2482
North Devon,E07000043,0.1835,0.204,0.0304,0.2292,0.2405,0.2143,0.1886,0.2397,-0.0103,0.2386,0.2098,0.2663
South Hams,E07000044,0.1427,0.1608,0.0235,0.3427,0.1724,0.1699,0.1437,0.1953,-0.0091,0.1959,0.1661,0.2247
Teignbridge,E07000045,0.1548,0.1785,0.0277,0.2797,0.2155,0.1838,0.1576,0.2099,-0.0053,0.2135,0.1843,0.2426
Torridge,E07000046,0.1696,0.202,0.0341,0.2167,0.2541,0.2018,0.1762,0.2273,0.0002,0.2371,0.2085,0.2651
West Devon,E07000047,0.15,0.1824,0.0307,0.3003,0.2033,0.1802,0.1548,0.2065,0.0022,0.2172,0.1888,0.2468
Cheltenham,E07000078,0.2145,0.234,0.0334,0.3623,0.1657,0.2496,0.2238,0.2745,-0.0156,0.2686,0.2396,0.2966
Cotswold,E07000079,0.1523,0.1736,0.0248,0.3365,0.1845,0.1805,0.1553,0.2058,-0.0069,0.2086,0.1807,0.2371
Forest of Dean,E07000080,0.1122,0.1352,0.0345,0.2397,0.2452,0.1416,0.1167,0.1676,-0.0064,0.17,0.1414,0.1995
Gloucester,E07000081,0.1738,0.213,0.0426,0.222,0.2178,0.2097,0.1845,0.2355,0.0033,0.248,0.2195,0.2774
Stroud,E07000082,0.1212,0.1366,0.0281,0.3287,0.182,0.1491,0.1239,0.174,-0.0125,0.1716,0.1429,0.1993
Tewkesbury,E07000083,0.1239,0.1427,0.0282,0.3018,0.1881,0.1517,0.1262,0.1774,-0.009,0.1777,0.149,0.2065
Mendip,E07000187,0.1546,0.1805,0.0292,0.2787,0.2144,0.1843,0.1588,0.2097,-0.0038,0.2156,0.187,0.2443
Sedgemoor,E07000188,0.1458,0.179,0.0358,0.2212,0.2506,0.1771,0.1523,0.2026,0.0019,0.2136,0.1858,0.2425
South Somerset,E07000189,0.1334,0.1677,0.0274,0.2505,0.2193,0.1609,0.1359,0.1866,0.0068,0.2028,0.1743,0.2318
Isle of Anglesey,W06000001,0.1413,0.1557,0.0469,0.2608,0.2417,0.1777,0.152,0.2029,-0.022,0.1902,0.1613,0.2189
Gwynedd,W06000002,0.1536,0.1735,0.0357,0.2643,0.2315,0.1858,0.1609,0.2114,-0.0123,0.2082,0.1803,0.2364
Conwy,W06000003,0.1668,0.1899,0.041,0.2547,0.2557,0.2021,0.1762,0.2274,-0.0122,0.2245,0.1956,0.2528
Denbighshire,W06000004,0.159,0.2003,0.0422,0.2424,0.2545,0.1944,0.1681,0.2195,0.0059,0.2351,0.2053,0.2631
Flintshire,W06000005,0.1055,0.1321,0.0386,0.2244,0.2351,0.136,0.1112,0.1615,-0.0039,0.1668,0.1387,0.1954
Wrexham,W06000006,0.1188,0.1583,0.0418,0.2279,0.2669,0.1516,0.1263,0.1768,0.0067,0.1928,0.1642,0.2208
Powys,W06000023,0.1481,0.1788,0.0305,0.2634,0.2477,0.1782,0.1531,0.2041,0.0006,0.2139,0.1854,0.2434
Ceredigion,W06000008,0.1988,0.2062,0.0256,0.2792,0.1982,0.229,0.2035,0.2544,-0.0228,0.2412,0.2126,0.2696
Pembrokeshire,W06000009,0.1353,0.1643,0.0404,0.2476,0.2458,0.1684,0.1432,0.1942,-0.0041,0.1988,0.1701,0.2281
Carmarthenshire,W06000010,0.118,0.1489,0.0373,0.239,0.2675,0.149,0.1239,0.1742,-0.0001,0.1835,0.1554,0.212
Swansea,W06000011,0.1474,0.1801,0.0386,0.2585,0.2394,0.1804,0.1543,0.2062,-0.0003,0.2146,0.185,0.2435
Neath Port Talbot,W06000012,0.1024,0.1387,0.045,0.1879,0.3092,0.1356,0.1097,0.1612,0.0031,0.1733,0.1443,0.2017
Bridgend,W06000013,0.1228,0.1528,0.0456,0.2256,0.2834,0.1572,0.1314,0.1827,-0.0044,0.1869,0.158,0.2155
Vale of Glamorgan,W06000014,0.146,0.1563,0.0431,0.2978,0.2045,0.1817,0.1566,0.2071,-0.0254,0.1914,0.1631,0.2197
Cardiff,W06000015,0.219,0.2429,0.0444,0.3233,0.2073,0.259,0.2334,0.2848,-0.0161,0.2775,0.2483,0.3065
Rhondda Cynon Taff,W06000016,0.1365,0.1765,0.0471,0.1955,0.3177,0.1731,0.1471,0.199,0.0034,0.2116,0.1825,0.2407
Merthyr Tydfil,W06000024,0.1158,0.1539,0.0572,0.1775,0.3429,0.1553,0.1297,0.1812,-0.0014,0.1885,0.1598,0.217
Caerphilly,W06000018,0.1073,0.1332,0.0514,0.1866,0.3136,0.1437,0.1182,0.1695,-0.0105,0.1678,0.1387,0.1972
Blaenau Gwent,W06000019,0.128,0.1598,0.0687,0.1516,0.3605,0.1732,0.1469,0.1994,-0.0134,0.1945,0.1654,0.2236
Torfaen,W06000020,0.0861,0.1117,0.0478,0.2028,0.2889,0.1201,0.0945,0.1446,-0.0084,0.1466,0.1183,0.1747
Monmouthshire,W06000021,0.108,0.1364,0.0335,0.3308,0.2067,0.1374,0.111,0.1625,-0.001,0.1709,0.1413,0.199
Newport,W06000022,0.1401,0.1668,0.0534,0.2338,0.2703,0.1794,0.1545,0.2046,-0.0126,0.2014,0.173,0.2297
