area_name,area_code,total_residents_16_74,unemployed,unemployment_rate,total_households_2011,private_rented_2011,pct_private_rented_2011,total_usual_residents,no_qualifications,level4_and_above,pct_no_quals,pct_level4,total_households_2021,private_rented_2021,pct_private_rented_2021,latitude,longitude,region
Darlington,E06000005,76635,4002,0.0522,46670,8513,0.1824,85357,21179,20244,0.2481,0.2372,48915,10078,0.206,54.536,-1.131,North East (England)
County Durham,E06000047,383796,17013,0.0443,223803,28142,0.1257,425258,116948,91249,0.275,0.2146,234764,40198,0.1712,51.38,-2.36,North East (England)
Hartlepool,E06000001,66804,5194,0.0777,40434,5971,0.1477,74228,22758,13063,0.3066,0.176,40929,7194,0.1758,54.578,-1.235,North East (England)
Middlesbrough,E06000002,100551,7631,0.0759,57203,9509,0.1662,110409,33002,20472,0.2989,0.1854,60265,12677,0.2104,54.553,-1.316,North East (England)
Northumberland,E06000057,233224,10329,0.0443,138534,18417,0.1329,262162,62584,67024,0.2387,0.2557,146922,24128,0.1642,53.395,-2.895,North East (England)
Redcar and Cleveland,E06000003,99177,6533,0.0659,59605,7434,0.1247,111011,31550,21013,0.2842,0.1893,61638,9748,0.1581,54.568,-1.235,North East (England)
Stockton-on-Tees,E06000004,140654,8075,0.0574,79159,10387,0.1312,154503,36728,35250,0.2377,0.2282,83756,14207,0.1696,54.601,-1.119,North East (England)
Gateshead,E08000037,148079,7419,0.0501,89154,11125,0.1248,164716,46192,35409,0.2804,0.215,88999,14584,0.1639,53.39,-1.56,North East (England)
Newcastle upon Tyne,E08000021,212864,10652,0.05,117153,22318,0.1905,232203,54885,63073,0.2364,0.2716,122797,27978,0.2278,54.978,-1.614,North East (England)
North Tyneside,E08000022,147889,7304,0.0494,91295,11300,0.1238,165088,39157,41734,0.2372,0.2528,96232,14625,0.152,55.013,-1.519,North East (England)
South Tyneside,E08000023,108981,7145,0.0656,67167,6758,0.1006,122200,34189,23514,0.2798,0.1924,68288,9025,0.1322,54.963,-1.495,North East (England)
Sunderland,E08000024,205552,12016,0.0585,119758,14552,0.1215,227314,66036,41337,0.2905,0.1818,122177,18096,0.1481,54.906,-1.382,North East (England)
Blackburn with Darwen,E06000008,104417,5575,0.0534,57353,8993,0.1568,113122,32485,22416,0.2872,0.1982,58767,11850,0.2016,54.694,-1.22,North West (England)
Blackpool,E06000009,103813,6337,0.061,64367,16770,0.2605,116699,36559,18098,0.3133,0.1551,64783,20569,0.3175,54.786,-1.574,North West (England)
Cheshire East,E06000049,270953,8742,0.0323,159441,19938,0.125,304374,59806,97248,0.1965,0.3195,174854,27114,0.1551,51.502,-0.5,North West (England)
Cheshire West and Chester,E06000050,243155,8949,0.0368,141442,17734,0.1254,271473,56940,79712,0.2097,0.2936,155154,24384,0.1572,51.43,-0.585,North West (England)
Halton,E06000006,92708,5151,0.0556,53312,5212,0.0978,100819,27126,17792,0.2691,0.1765,55951,8018,0.1433,54.527,-1.558,North West (England)
Warrington,E06000007,149461,5961,0.0399,85140,9549,0.1122,163477,33815,44870,0.2068,0.2745,90538,13773,0.1521,54.652,-1.459,North West (England)
Allerdale,E07000026,70978,2553,0.036,42345,4142,0.0978,80155,21636,18254,0.2699,0.2277,43973,5363,0.122,53.194,-2.892,North West (England)
Barrow-in-Furness,E07000027,51103,2365,0.0463,31224,4442,0.1423,56796,14422,10785,0.2539,0.1899,31259,5259,0.1682,53.23,-2.522,North West (England)
Carlisle,E07000028,79531,2847,0.0358,48342,6914,0.143,89042,22164,19766,0.2489,0.222,50663,8900,0.1757,53.09,-2.444,North West (England)
Copeland,E07000029,52702,2235,0.0424,30536,2665,0.0873,58613,15800,12307,0.2696,0.21,30788,3399,0.1104,53.167,-2.741,North West (England)
Eden,E07000030,38735,822,0.0212,23043,3685,0.1599,43976,9968,12059,0.2267,0.2742,24613,4452,0.1809,53.105,-2.619,North West (England)
South Lakeland,E07000031,75831,1524,0.0201,46552,6633,0.1425,87777,16583,29277,0.1889,0.3335,47657,7974,0.1673,53.11,-2.999,North West (England)
Bolton,E08000001,200723,9913,0.0494,116371,15930,0.1369,219710,57888,48688,0.2635,0.2216,118790,21372,0.1799,53.503,-2.1,North West (England)
Bury,E08000002,134687,5769,0.0428,78113,10774,0.1379,147935,33377,37989,0.2256,0.2568,80696,14249,0.1766,53.55,-2.302,North West (England)
Manchester,E08000003,382932,21880,0.0571,204969,58170,0.2838,405709,93765,117243,0.2311,0.289,214730,69403,0.3232,53.526,-2.363,North West (England)
Oldham,E08000004,159765,8661,0.0542,89703,10944,0.122,174438,51620,32458,0.2959,0.1861,93140,16498,0.1771,53.425,-2.33,North West (England)
Rochdale,E08000005,152742,9047,0.0592,87552,11556,0.132,166916,47906,32371,0.287,0.1939,90222,16503,0.1829,53.445,-2.15,North West (England)
Salford,E08000006,173117,9041,0.0522,103556,19420,0.1875,188780,51175,42103,0.2711,0.223,115117,30853,0.268,53.487,-2.245,North West (England)
Stockport,E08000007,205310,8002,0.039,121979,13852,0.1136,229822,47430,68506,0.2064,0.2981,126648,18192,0.1436,53.55,-2.45,North West (England)
Tameside,E08000008,161459,8052,0.0499,94953,12573,0.1324,176616,49547,30994,0.2805,0.1755,99527,17459,0.1754,53.561,-2.232,North West (England)
Trafford,E08000009,162806,6136,0.0377,94484,12001,0.127,180754,33573,61051,0.1857,0.3378,96269,14744,0.1532,53.59,-2.28,North West (England)
Wigan,E08000010,236495,11483,0.0486,136386,15875,0.1164,257825,70486,50374,0.2734,0.1954,143105,22761,0.1591,53.614,-2.43,North West (England)
Burnley,E07000117,63376,3342,0.0527,37550,7267,0.1935,69915,20512,13092,0.2934,0.1873,39871,9696,0.2432,52.78,-1.57,North West (England)
Chorley,E07000118,79951,2588,0.0324,44919,4587,0.1021,87532,18594,24361,0.2124,0.2783,50135,6964,0.1389,52.6,-1.54,North West (England)
Fylde,E07000119,54544,1687,0.0309,34885,6066,0.1739,63757,13497,18982,0.2117,0.2977,37606,7230,0.1923,52.64,-1.53,North West (England)
Hyndburn,E07000120,58356,2688,0.0461,34341,6235,0.1816,64092,17942,12132,0.2799,0.1893,34790,8035,0.231,52.57,-1.5,North West (England)
Lancaster,E07000121,103296,3362,0.0325,57822,10929,0.189,115405,23804,31396,0.2063,0.2721,59978,13029,0.2172,52.73,-1.46,North West (England)
Pendle,E07000122,64440,3012,0.0467,37348,6760,0.181,71128,20031,14392,0.2816,0.2023,38066,8741,0.2296,52.53,-1.43,North West (England)
Preston,E07000123,104085,4575,0.044,57567,10365,0.1801,113422,26601,27930,0.2345,0.2462,59607,13333,0.2237,52.8,-1.38,North West (England)
Ribble Valley,E07000124,41285,852,0.0206,24045,3278,0.1363,46552,8533,15817,0.1833,0.3398,26747,4003,0.1497,52.75,-1.44,North West (England)
Rossendale,E07000125,50075,2090,0.0417,29058,4106,0.1413,54811,13130,13776,0.2396,0.2513,30561,5207,0.1704,52.68,-1.4,North West (England)
South Ribble,E07000126,80458,2421,0.0301,46102,4308,0.0934,89163,18136,23537,0.2034,0.264,48585,6217,0.128,52.62,-1.45,North West (England)
West Lancashire,E07000127,81601,3180,0.039,45381,4744,0.1045,90712,21296,23000,0.2348,0.2535,48534,6722,0.1385,52.56,-1.43,North West (England)
Wyre,E07000128,77663,2464,0.0317,47281,6397,0.1353,90467,23409,20793,0.2588,0.2298,50769,9241,0.182,52.84,-1.75,North West (England)
Knowsley,E08000011,106155,6926,0.0652,61323,5980,0.0975,117225,40647,18120,0.3467,0.1546,66073,9461,0.1432,53.49,-2.076,North West (England)
Liverpool,E08000012,356876,23980,0.0672,206515,48290,0.2338,388315,111532,87126,0.2872,0.2244,207491,54067,0.2606,53.44,-2.3,North West (England)
Sefton,E08000014,198197,9708,0.049,117930,15804,0.134,226435,56921,54490,0.2514,0.2406,123073,22457,0.1825,53.375,-2.073,North West (England)
St. Helens,E08000013,129584,6640,0.0512,75736,7736,0.1021,143372,39950,29924,0.2786,0.2087,81013,12264,0.1514,53.416,-2.2,North West (England)
Wirral,E08000015,230851,11939,0.0517,140583,22275,0.1584,260498,61014,65809,0.2342,0.2526,143252,27091,0.1891,53.5,-2.43,North West (England)
East Riding of Yorkshire,E06000011,245594,8795,0.0358,143032,19648,0.1374,278333,65035,72004,0.2337,0.2587,152066,25732,0.1692,55.001,-1.628,Yorkshire and The Humber
"Kingston upon Hull, City of",E06000010,190610,15296,0.0802,112596,22984,0.2041,208040,65851,31687,0.3165,0.1523,115475,27593,0.239,54.91,-1.382,Yorkshire and The Humber
North East Lincolnshire,E06000012,115823,7486,0.0646,69707,12627,0.1811,129377,38209,20970,0.2953,0.1621,69826,15644,0.224,55.017,-1.442,Yorkshire and The Humber
North Lincolnshire,E06000013,122329,5869,0.048,70684,9477,0.1341,136105,35633,26583,0.2618,0.1953,73172,12555,0.1716,55.019,-1.591,Yorkshire and The Humber
York,E06000014,149789,4582,0.0306,83552,14980,0.1793,166275,29863,53875,0.1796,0.324,85458,17084,0.1999,54.984,-1.741,Yorkshire and The Humber
Craven,E07000163,40056,1003,0.025,24583,3782,0.1538,46161,9356,14663,0.2027,0.3176,26069,4718,0.181,52.24,-0.89,Yorkshire and The Humber
Hambleton,E07000164,65255,1670,0.0256,38117,5770,0.1514,74039,14536,23736,0.1963,0.3206,40800,6826,0.1673,52.35,-0.76,Yorkshire and The Humber
Harrogate,E07000165,114038,2931,0.0257,67169,11771,0.1752,129036,22312,44002,0.1729,0.341,71169,13522,0.19,52.27,-0.63,Yorkshire and The Humber
Richmondshire,E07000166,38652,1116,0.0289,20207,4519,0.2236,42698,7925,11513,0.1856,0.2696,20946,4866,0.2323,52.24,-0.73,Yorkshire and The Humber
Ryedale,E07000167,37581,1029,0.0274,22524,3773,0.1675,43200,10369,11793,0.24,0.273,24715,4841,0.1959,52.3,-0.85,Yorkshire and The Humber
Scarborough,E07000168,79393,3371,0.0425,49435,9640,0.195,91402,23755,20742,0.2599,0.2269,51124,11081,0.2167,52.38,-0.84,Yorkshire and The Humber
Selby,E07000169,61831,2154,0.0348,34559,3796,0.1098,68135,14431,17786,0.2118,0.261,39562,5310,0.1342,52.42,-0.99,Yorkshire and The Humber
Barnsley,E08000016,170405,8738,0.0513,100734,12856,0.1276,188335,60890,32724,0.3233,0.1738,108053,18569,0.1719,53.766,-1.804,Yorkshire and The Humber
Doncaster,E08000017,220877,12697,0.0575,126487,18774,0.1484,244909,74119,41714,0.3026,0.1703,133480,25941,0.1943,53.795,-1.552,Yorkshire and The Humber
Rotherham,E08000018,187959,9821,0.0523,108293,12262,0.1132,208018,62076,36165,0.2984,0.1739,113926,17035,0.1495,53.715,-1.863,Yorkshire and The Humber
Sheffield,E08000019,411004,19626,0.0478,229928,35760,0.1555,452014,109841,116007,0.243,0.2566,231948,43424,0.1872,53.714,-1.664,Yorkshire and The Humber
Bradford,E08000032,366217,21224,0.058,199296,36070,0.181,400121,110892,87397,0.2771,0.2184,209867,48278,0.23,53.38,-1.47,Yorkshire and The Humber
Calderdale,E08000033,148766,7394,0.0497,88621,14545,0.1641,163645,38943,40881,0.238,0.2498,90476,18437,0.2038,53.436,-1.36,Yorkshire and The Humber
Kirklees,E08000034,307194,14465,0.0471,173525,26941,0.1553,336309,85554,80275,0.2544,0.2387,177989,33942,0.1907,53.53,-1.13,Yorkshire and The Humber
Leeds,E08000035,560849,26786,0.0478,320596,57456,0.1792,613992,142481,165429,0.2321,0.2694,341466,74402,0.2179,53.532,-1.49,Yorkshire and The Humber
Wakefield,E08000036,240997,11702,0.0486,140414,16017,0.1141,265797,82621,48772,0.3108,0.1835,153075,22754,0.1486,53.52,-1.4,Yorkshire and The Humber
Derby,E06000015,179291,9297,0.0519,102271,17193,0.1681,198076,47731,47955,0.241,0.2421,105651,22453,0.2125,55.01,-1.539,East Midlands (England)
Leicester,E06000016,242232,14982,0.0618,123125,27999,0.2274,260560,74409,55223,0.2856,0.2119,127389,37437,0.2939,54.98,-1.61,East Midlands (England)
Nottingham,E06000018,232072,14775,0.0637,126131,29098,0.2307,250104,63991,54875,0.2559,0.2194,124743,35688,0.2861,54.521,-0.977,East Midlands (England)
Rutland,E06000017,27052,643,0.0238,15002,2333,0.1555,30683,5453,10096,0.1777,0.329,16691,2790,0.1672,54.545,-1.009,East Midlands (England)
Amber Valley,E07000032,90558,3503,0.0387,52596,6200,0.1179,100841,27220,23346,0.2699,0.2315,56277,8235,0.1463,53.271,-2.701,East Midlands (England)
Bolsover,E07000033,55945,2612,0.0467,32801,4276,0.1304,62192,20455,9853,0.3289,0.1584,35262,6056,0.1717,53.349,-2.748,East Midlands (England)
Chesterfield,E07000034,76409,3557,0.0466,46796,5813,0.1242,85595,23618,17994,0.2759,0.2102,48058,7781,0.1619,53.373,-2.506,East Midlands (England)
Derbyshire Dales,E07000035,51978,1394,0.0268,30744,3860,0.1256,59299,12773,19816,0.2154,0.3342,32283,4650,0.144,53.1,-1.66,East Midlands (England)
Erewash,E07000036,82609,3742,0.0453,48692,6265,0.1287,91948,23808,19015,0.2589,0.2068,50336,8470,0.1683,52.97,-1.29,East Midlands (England)
High Peak,E07000037,67389,2576,0.0382,38946,5231,0.1343,74416,15520,21884,0.2086,0.2941,40772,6545,0.1605,50.732,-1.879,East Midlands (England)
North East Derbyshire,E07000038,73460,2697,0.0367,43070,3183,0.0739,82699,22277,18340,0.2694,0.2218,45987,4608,0.1002,50.888,-1.358,East Midlands (England)
South Derbyshire,E07000039,69450,2125,0.0306,38992,5087,0.1305,75910,16707,19701,0.2201,0.2595,45239,6648,0.147,50.936,-1.2,East Midlands (England)
Blaby,E07000129,68558,1963,0.0286,38686,3876,0.1002,76334,16964,18988,0.2222,0.2487,42575,5449,0.128,52.76,-1.88,East Midlands (England)
Charnwood,E07000130,124967,3864,0.0309,66516,9396,0.1413,137878,28265,36916,0.205,0.2677,73785,12814,0.1737,52.7,-1.84,East Midlands (England)
Harborough,E07000131,61913,1517,0.0245,34898,3922,0.1124,69034,12461,21982,0.1805,0.3184,40414,5439,0.1346,52.56,-1.85,East Midlands (England)
Hinckley and Bosworth,E07000132,77716,2448,0.0315,45377,5156,0.1136,86475,21089,20803,0.2439,0.2406,49445,7114,0.1439,52.59,-1.75,East Midlands (England)
Melton,E07000133,36955,1067,0.0289,21490,3054,0.1421,41237,8808,10785,0.2136,0.2615,22599,3881,0.1717,52.63,-1.7,East Midlands (England)
North West Leicestershire,E07000134,68556,2361,0.0344,39128,4411,0.1127,75791,19691,18402,0.2598,0.2428,44974,6074,0.1351,52.65,-1.81,East Midlands (England)
Oadby and Wigston,E07000135,40797,1314,0.0322,21339,2117,0.0992,46359,10461,11476,0.2257,0.2475,22616,3623,0.1602,52.71,-1.75,East Midlands (England)
Boston,E07000136,47306,1969,0.0416,27291,4291,0.1572,53275,17421,8060,0.327,0.1513,29404,5965,0.2029,52.76,-1.8,East Midlands (England)
East Lindsey,E07000137,99928,3966,0.0397,60890,10554,0.1733,115418,37648,20849,0.3262,0.1806,64754,13110,0.2025,52.8,-1.82,East Midlands (England)
Lincoln,E07000138,71577,3533,0.0494,39825,8345,0.2095,78190,17134,16644,0.2191,0.2129,42506,11558,0.2719,52.85,-1.87,East Midlands (England)
North Kesteven,E07000139,78616,2290,0.0291,45972,6184,0.1345,88700,19289,22559,0.2175,0.2543,50989,8164,0.1601,52.91,-1.89,East Midlands (England)
South Holland,E07000140,63920,2532,0.0396,37264,4714,0.1265,73354,22628,11586,0.3085,0.1579,40703,6943,0.1706,52.91,-1.96,East Midlands (England)
South Kesteven,E07000141,97319,3248,0.0334,57344,8389,0.1463,109085,23608,27974,0.2164,0.2564,62847,11325,0.1802,52.86,-1.96,East Midlands (England)
West Lindsey,E07000142,65531,2497,0.0381,38385,5253,0.1369,73753,16963,18642,0.23,0.2528,42345,7570,0.1788,52.81,-1.94,East Midlands (England)
Ashfield,E07000170,88037,4140,0.047,50931,6504,0.1277,96698,30345,14595,0.3138,0.1509,54509,9297,0.1706,52.36,-0.93,East Midlands (England)
Bassetlaw,E07000171,83305,3294,0.0395,47667,5975,0.1253,92702,26393,18761,0.2847,0.2024,51458,8351,0.1623,52.31,-0.98,East Midlands (England)
Broxtowe,E07000172,81573,3156,0.0387,46820,6594,0.1408,90938,21031,25678,0.2313,0.2824,48362,8355,0.1728,52.95,-1.23,East Midlands (England)
Gedling,E07000173,83284,3391,0.0407,49349,6488,0.1315,93186,21980,23601,0.2359,0.2533,51551,8191,0.1589,52.98,-1.1,East Midlands (England)
Mansfield,E07000174,77155,3547,0.046,44928,6115,0.1361,85448,25944,13978,0.3036,0.1636,48031,9065,0.1887,52.09,-0.99,East Midlands (England)
Newark and Sherwood,E07000175,84145,2995,0.0356,48773,6278,0.1287,93957,23550,22698,0.2506,0.2416,53332,8624,0.1617,52.01,-1.02,East Midlands (England)
Rushcliffe,E07000176,80755,2222,0.0275,45835,6082,0.1327,90551,14835,35307,0.1638,0.3899,49883,7312,0.1466,52.06,-0.87,East Midlands (England)
"Herefordshire, County of",E06000019,133442,4353,0.0326,78319,12147,0.1551,151962,34845,41779,0.2293,0.2749,82827,15605,0.1884,54.604,-0.977,West Midlands (England)
Shropshire,E06000051,223892,7350,0.0328,129674,19421,0.1498,252979,56943,69558,0.2251,0.275,139579,24367,0.1746,51.385,-0.363,West Midlands (England)
Stoke-on-Trent,E06000021,182808,9715,0.0531,107575,15440,0.1435,200642,67773,31041,0.3378,0.1547,110400,22400,0.2029,54.667,-0.817,West Midlands (England)
Telford and Wrekin,E06000020,122279,5806,0.0475,66608,9979,0.1498,132440,32612,27713,0.2462,0.2092,76509,16197,0.2117,54.631,-1.128,West Midlands (England)
Cannock Chase,E07000192,72274,3311,0.0458,40664,4938,0.1214,79027,22278,13606,0.2819,0.1722,43456,6862,0.1579,52.42,-1.35,West Midlands (England)
East Staffordshire,E07000193,83059,3171,0.0382,47251,7152,0.1514,91821,22671,21466,0.2469,0.2338,51293,9992,0.1948,52.37,-1.29,West Midlands (England)
Lichfield,E07000194,74757,2531,0.0339,41224,3932,0.0954,83057,18622,23604,0.2242,0.2842,45632,5817,0.1275,52.33,-1.24,West Midlands (England)
Newcastle-under-Lyme,E07000195,92335,3378,0.0366,52574,5511,0.1048,102813,27529,23121,0.2678,0.2249,53423,7735,0.1448,52.3,-1.17,West Midlands (England)
South Staffordshire,E07000196,80718,2670,0.0331,44458,3772,0.0848,90506,21699,22707,0.2398,0.2509,46121,4873,0.1057,52.28,-1.08,West Midlands (England)
Stafford,E07000197,97297,3028,0.0311,55703,7206,0.1294,108626,22150,32887,0.2039,0.3028,60047,9336,0.1555,52.32,-0.99,West Midlands (England)
Staffordshire Moorlands,E07000198,72085,2031,0.0282,41772,4103,0.0982,81106,21560,19255,0.2658,0.2374,42355,5373,0.1269,52.37,-1.0,West Midlands (England)
Tamworth,E07000199,56833,2541,0.0447,31617,3476,0.1099,61467,16467,10706,0.2679,0.1742,32895,4643,0.1411,52.42,-1.05,West Midlands (England)
North Warwickshire,E07000218,46170,1662,0.036,25812,2913,0.1129,51049,14253,10096,0.2792,0.1978,27581,4110,0.149,51.19,-0.46,West Midlands (England)
Nuneaton and Bedworth,E07000219,92090,4363,0.0474,52711,6683,0.1268,101244,28384,18801,0.2804,0.1857,56585,9399,0.1661,51.25,-0.55,West Midlands (England)
Rugby,E07000220,72759,2613,0.0359,41875,5903,0.141,80689,15778,22735,0.1955,0.2818,47015,8474,0.1802,51.19,-0.6,West Midlands (England)
Stratford-on-Avon,E07000221,87728,2154,0.0246,51928,6596,0.127,100042,19345,33396,0.1934,0.3338,59463,8363,0.1406,51.2,-0.34,West Midlands (England)
Warwick,E07000222,102883,3118,0.0303,58679,10513,0.1792,114051,18691,43836,0.1639,0.3844,62618,11910,0.1902,51.26,-0.37,West Midlands (England)
Birmingham,E08000025,760252,54114,0.0712,410736,73405,0.1787,828363,233835,190335,0.2823,0.2298,423455,95719,0.226,52.48,-1.89,West Midlands (England)
Coventry,E08000026,231871,12532,0.054,128592,26503,0.2061,254106,60799,58566,0.2393,0.2305,134140,33195,0.2475,52.408,-1.51,West Midlands (England)
Dudley,E08000027,226726,12064,0.0532,129867,12004,0.0924,253421,75980,48584,0.2998,0.1917,137069,18940,0.1382,52.508,-2.089,West Midlands (England)
Sandwell,E08000028,219508,16049,0.0731,121498,15674,0.129,241829,85040,37151,0.3517,0.1536,130246,24237,0.1861,52.536,-1.997,West Midlands (England)
Solihull,E08000029,148360,6304,0.0425,86056,8502,0.0988,167493,38035,47783,0.2271,0.2853,89482,11496,0.1285,52.416,-1.779,West Midlands (England)
Walsall,E08000030,191974,13006,0.0677,107822,12569,0.1166,213123,71839,35989,0.3371,0.1689,112226,18336,0.1634,52.58,-1.982,West Midlands (England)
Wolverhampton,E08000031,179983,14127,0.0785,102177,13455,0.1317,200047,62467,39021,0.3123,0.1951,105142,20006,0.1903,52.585,-2.129,West Midlands (England)
Bromsgrove,E07000234,67807,2070,0.0305,38290,3370,0.088,77107,16413,23551,0.2129,0.3054,41264,4379,0.1061,51.24,-0.62,West Midlands (England)
Malvern Hills,E07000235,53512,1690,0.0316,32212,3720,0.1155,62219,12637,21113,0.2031,0.3393,34889,4653,0.1334,51.2,-0.56,West Midlands (England)
Redditch,E07000236,62523,2877,0.046,34722,4059,0.1169,67656,16996,14007,0.2512,0.207,36378,5243,0.1441,51.15,-0.56,West Midlands (England)
Worcester,E07000237,73382,3071,0.0418,42042,7645,0.1818,80291,17116,22211,0.2132,0.2766,44724,9494,0.2123,51.16,-0.63,West Midlands (England)
Wychavon,E07000238,85481,2675,0.0313,49466,5419,0.1095,97039,21458,27870,0.2211,0.2872,57356,7493,0.1306,51.2,-0.65,West Midlands (England)
Wyre Forest,E07000239,72331,3041,0.042,42985,5660,0.1317,81190,22579,17916,0.2781,0.2207,45320,7239,0.1597,51.25,-0.68,West Midlands (England)
Bedford,E06000055,113764,5060,0.0445,63812,10110,0.1584,125871,25645,35417,0.2037,0.2814,74949,14316,0.191,51.465,-0.649,East of England
Central Bedfordshire,E06000056,186658,6443,0.0345,104399,12612,0.1208,204602,39644,55793,0.1938,0.2727,120754,16567,0.1372,51.51,-0.127,East of England
Luton,E06000032,145208,8337,0.0574,74293,16816,0.2263,156445,36953,34814,0.2362,0.2225,78940,22887,0.2899,53.862,-2.108,East of England
Peterborough,E06000031,132318,6691,0.0506,74023,14168,0.1914,144495,36158,29245,0.2502,0.2024,84533,20612,0.2438,53.81,-2.003,East of England
Southend-on-Sea,E06000033,125007,6209,0.0497,74678,16439,0.2201,140621,34621,30691,0.2462,0.2183,78344,20759,0.265,53.897,-1.917,East of England
Thurrock,E06000034,114124,6190,0.0542,62353,8772,0.1407,123407,32643,21519,0.2645,0.1744,66377,12131,0.1828,53.926,-2.191,East of England
Cambridge,E07000008,98283,2641,0.0269,46714,12258,0.2624,106007,12606,50169,0.1189,0.4733,52474,16495,0.3143,52.054,-0.45,East of England
East Cambridgeshire,E07000009,60714,1747,0.0288,34614,4576,0.1322,67481,14127,19583,0.2093,0.2902,37202,6120,0.1645,52.228,-0.491,East of England
Fenland,E07000010,69258,2931,0.0423,40620,6341,0.1561,78482,24523,11677,0.3125,0.1488,44083,8795,0.1995,52.163,-0.271,East of England
Huntingdonshire,E07000011,125346,3957,0.0316,69333,9770,0.1409,137157,26361,38301,0.1922,0.2792,76880,12897,0.1678,52.218,-0.349,East of England
South Cambridgeshire,E07000012,107779,2499,0.0232,59960,7174,0.1196,119342,18248,47852,0.1529,0.401,66996,9383,0.1401,52.138,-0.461,East of England
Basildon,E07000066,125795,5846,0.0465,72746,7448,0.1024,139198,37084,25939,0.2664,0.1863,76363,10876,0.1424,51.83,-1.3,East of England
Braintree,E07000067,106718,4014,0.0376,61043,8083,0.1324,118098,26958,26212,0.2283,0.222,64983,9795,0.1507,51.76,-1.1,East of England
Brentwood,E07000068,52959,1667,0.0315,30646,3452,0.1126,60115,11651,18441,0.1938,0.3068,32343,5163,0.1596,51.7,-1.0,East of England
Castle Point,E07000069,64626,2289,0.0354,36440,3968,0.1089,73142,21885,10693,0.2992,0.1462,37389,5240,0.1401,51.88,-1.08,East of England
Chelmsford,E07000070,123693,4223,0.0341,69667,8349,0.1198,137003,25844,39452,0.1886,0.288,75401,11724,0.1555,51.77,-0.9,East of England
Colchester,E07000071,128562,4456,0.0347,71634,13390,0.1869,141427,27440,38412,0.194,0.2716,79711,17165,0.2153,51.84,-0.99,East of England
Epping Forest,E07000072,90622,3259,0.036,51991,5742,0.1104,101708,24360,25769,0.2395,0.2534,54559,8147,0.1493,51.93,-1.12,East of England
Harlow,E07000073,58669,3043,0.0519,34620,3756,0.1085,65061,16948,11468,0.2605,0.1763,37856,5824,0.1538,51.74,-0.99,East of England
Maldon,E07000074,45406,1381,0.0304,25817,2493,0.0966,50804,11749,12009,0.2313,0.2364,27900,3279,0.1175,51.731,0.676,East of England
Rochford,E07000075,60425,1836,0.0304,33564,2844,0.0847,68271,16134,13659,0.2363,0.2001,35558,3805,0.107,52.62,-1.96,East of England
Tendring,E07000076,97050,4533,0.0467,62105,10064,0.162,115495,39616,18340,0.343,0.1588,67452,13370,0.1982,52.54,-2.09,East of England
Uttlesford,E07000077,57086,1527,0.0267,31316,4108,0.1312,63399,11232,20251,0.1772,0.3194,36955,5375,0.1454,52.64,-2.06,East of England
Broxbourne,E07000095,67599,2825,0.0418,37658,4199,0.1115,74850,19122,14394,0.2555,0.1923,39850,6367,0.1598,51.748,-0.022,East of England
Dacorum,E07000096,104410,3829,0.0367,59938,7107,0.1186,115983,21768,35872,0.1877,0.3093,63412,9093,0.1434,51.752,-0.422,East of England
East Hertfordshire,E07000242,100093,2849,0.0285,56577,7446,0.1316,110139,18959,36867,0.1721,0.3347,62023,9967,0.1607,51.32,-0.87,East of England
Hertsmere,E07000098,71511,2650,0.0371,39778,4981,0.1252,79841,15502,24588,0.1942,0.308,42682,7370,0.1727,52.8,-1.27,East of England
North Hertfordshire,E07000099,91510,3145,0.0344,53426,6993,0.1309,102388,18416,35242,0.1799,0.3442,56733,8722,0.1537,52.69,-1.21,East of England
St Albans,E07000240,99863,2715,0.0272,56140,7624,0.1358,110590,14268,51251,0.129,0.4634,58990,9602,0.1628,51.32,-0.8,East of England
Stevenage,E07000243,60988,2925,0.048,34898,3980,0.114,66866,14390,14762,0.2152,0.2208,36512,5470,0.1498,51.26,-0.84,East of England
Three Rivers,E07000102,62440,1984,0.0318,35108,3708,0.1056,69819,12261,23675,0.1756,0.3391,36857,4956,0.1345,52.76,-1.6,East of England
Watford,E07000103,66285,2692,0.0406,36681,7371,0.2009,71693,12513,23082,0.1745,0.322,39629,11177,0.282,52.81,-1.49,East of England
Welwyn Hatfield,E07000241,81514,2687,0.033,43613,5911,0.1355,90369,15550,27123,0.1721,0.3001,46209,7586,0.1642,51.36,-0.8,East of England
Breckland,E07000143,94176,3302,0.0351,54519,8294,0.1521,107507,30057,20046,0.2796,0.1865,60358,10930,0.1811,52.75,-1.93,East of England
Broadland,E07000144,90305,2314,0.0256,53336,5519,0.1035,103657,23744,24026,0.2291,0.2318,57760,7095,0.1228,52.7,-1.9,East of England
Great Yarmouth,E07000145,70234,4258,0.0606,42079,6926,0.1646,79748,26164,11336,0.3281,0.1421,44545,9576,0.215,52.66,-1.87,East of England
King's Lynn and West Norfolk,E07000146,106591,3901,0.0366,62977,9278,0.1473,122639,35909,23455,0.2928,0.1913,67464,12704,0.1883,52.62,-1.84,East of England
North Norfolk,E07000147,72453,2404,0.0332,46046,6664,0.1447,86830,23838,19326,0.2745,0.2226,48374,8538,0.1765,52.58,-1.81,East of England
Norwich,E07000148,100702,5060,0.0502,60319,13089,0.217,110805,25073,30722,0.2263,0.2773,64457,17351,0.2692,52.54,-1.76,East of England
South Norfolk,E07000149,89337,2439,0.0273,52809,5916,0.112,101717,22953,27501,0.2257,0.2704,61381,8527,0.1389,52.5,-1.7,East of England
Babergh,E07000200,63075,1879,0.0298,37522,4714,0.1256,71821,16367,18539,0.2279,0.2581,40200,5959,0.1482,52.46,-1.06,East of England
Ipswich,E07000202,97167,5212,0.0536,57298,11421,0.1993,107396,27723,22152,0.2581,0.2063,59507,13664,0.2296,52.059,1.155,East of England
Mid Suffolk,E07000203,70073,1789,0.0255,40306,4515,0.112,78907,17621,20864,0.2233,0.2644,44344,6079,0.1371,52.178,0.983,East of England
Camden,E09000007,173833,7755,0.0446,97534,31434,0.3223,184873,23451,93453,0.1268,0.5055,92758,33012,0.3559,51.461,-0.148,London
City of London,E09000001,6307,187,0.0296,4385,1573,0.3587,6755,454,4618,0.0672,0.6836,4914,2373,0.4829,51.516,-0.098,London
Hackney,E09000012,187423,13207,0.0705,101690,29449,0.2896,195145,38172,81591,0.1956,0.4181,106081,34147,0.3219,51.584,-0.045,London
Hammersmith and Fulham,E09000013,145552,7060,0.0485,80590,25555,0.3171,152863,19515,75765,0.1277,0.4956,81244,29558,0.3638,51.608,-0.07,London
Haringey,E09000014,193062,11730,0.0608,101955,32095,0.3148,202856,36163,82727,0.1783,0.4078,105091,37376,0.3557,51.555,-0.101,London
Islington,E09000019,165149,8960,0.0543,93556,25217,0.2695,173300,29448,83276,0.1699,0.4805,96496,30079,0.3117,51.476,-0.02,London
Kensington and Chelsea,E09000020,126080,5433,0.0431,78536,28108,0.3579,134267,13549,70731,0.1009,0.5268,66884,26460,0.3956,51.497,-0.054,London
Lambeth,E09000022,237730,14255,0.06,130017,38133,0.2933,248300,35352,115758,0.1424,0.4662,134688,42329,0.3143,51.456,-0.115,London
Lewisham,E09000023,206255,12776,0.0619,116091,28216,0.2431,218749,38763,83127,0.1772,0.38,122393,33289,0.272,51.46,-0.022,London
Newham,E09000025,228958,15734,0.0687,101519,34570,0.3405,238090,49087,71771,0.2062,0.3014,115511,44479,0.3851,51.582,-0.08,London
Southwark,E09000028,224551,13484,0.06,120422,28493,0.2366,234901,38384,101172,0.1634,0.4307,130820,37506,0.2867,51.49,-0.08,London
Tower Hamlets,E09000030,196552,13259,0.0675,101257,32964,0.3255,203953,40719,83675,0.1996,0.4103,120539,46000,0.3816,51.512,-0.198,London
Wandsworth,E09000032,243533,9311,0.0382,130493,41317,0.3166,255989,29622,137142,0.1157,0.5357,137392,49830,0.3627,51.541,-0.168,London
Westminster,E09000033,175505,7941,0.0452,105772,41949,0.3966,186812,23943,93946,0.1282,0.5029,94816,41065,0.4331,51.422,-0.115,London
Barking and Dagenham,E09000002,127568,9367,0.0734,69681,12328,0.1769,137613,38396,28715,0.279,0.2087,73902,17890,0.2421,51.55,-0.058,London
Barnet,E09000003,258443,11476,0.0444,135916,34854,0.2564,282152,43833,113815,0.1554,0.4034,148917,48705,0.3271,51.529,-0.02,London
Bexley,E09000004,165914,7245,0.0437,92604,10556,0.114,184431,42366,40146,0.2297,0.2177,95300,14578,0.153,51.57,-0.045,London
Brent,E09000005,233726,13535,0.0579,110286,33181,0.3009,248458,47721,82619,0.1921,0.3325,118612,42726,0.3602,51.605,-0.175,London
Bromley,E09000006,222539,8668,0.039,130862,17393,0.1329,248806,44572,82304,0.1791,0.3308,135828,23661,0.1742,51.477,-0.203,London
Croydon,E09000008,263048,14512,0.0552,145010,30472,0.2101,284268,50081,90321,0.1762,0.3177,152945,39441,0.2579,51.464,-0.105,London
Ealing,E09000009,252764,13158,0.0521,124082,34182,0.2755,269572,44366,99836,0.1646,0.3704,133657,45490,0.3403,51.453,-0.06,London
Enfield,E09000010,224024,13192,0.0589,119916,26591,0.2217,242465,55736,69627,0.2299,0.2872,120923,35388,0.2926,51.494,-0.02,London
Greenwich,E09000011,186722,11518,0.0617,101045,20004,0.198,199163,41082,66120,0.2063,0.332,114051,29088,0.255,51.547,-0.016,London
Harrow,E09000015,174751,7854,0.0449,84268,18324,0.2174,190998,31997,70218,0.1675,0.3676,89642,26495,0.2956,51.575,-0.11,London
Havering,E09000016,171128,7627,0.0446,97199,10337,0.1063,192844,50951,37498,0.2642,0.1944,101276,16019,0.1582,51.591,-0.144,London
Hillingdon,E09000017,199926,8693,0.0435,100214,18141,0.181,217043,41548,60854,0.1914,0.2804,109228,28276,0.2589,51.62,-0.1,London
Hounslow,E09000018,190157,8815,0.0464,94902,22206,0.234,202424,35084,69955,0.1733,0.3456,102961,31788,0.3087,51.477,-0.054,London
Kingston upon Thames,E09000021,119673,3850,0.0322,63639,14312,0.2249,129790,17400,53782,0.1341,0.4144,65628,17911,0.2729,51.427,-0.067,London
Merton,E09000024,149598,6072,0.0406,78757,19503,0.2476,160840,24378,66091,0.1516,0.4109,81726,23748,0.2906,51.548,-0.064,London
Redbridge,E09000026,199544,10590,0.0531,99105,22657,0.2286,216112,39877,73299,0.1845,0.3392,103714,31576,0.3045,51.471,-0.148,London
Richmond upon Thames,E09000027,137779,4153,0.0301,79835,17440,0.2185,150052,15915,79584,0.1061,0.5304,80704,19970,0.2474,51.497,-0.113,London
Sutton,E09000029,138710,5429,0.0391,78174,12429,0.159,152158,28330,45775,0.1862,0.3008,82347,16683,0.2026,51.432,-0.197,London
Waltham Forest,E09000031,190978,11654,0.061,96861,25102,0.2592,203131,42262,60914,0.2081,0.2999,102901,28593,0.2779,51.601,-0.2,London
Bracknell Forest,E06000036,83116,2808,0.0338,45878,5734,0.125,89743,14639,27197,0.1631,0.3031,50245,7902,0.1573,54.041,-2.234,South East (England)
Brighton and Hove,E06000043,210792,7818,0.0371,121540,35959,0.2959,229024,36775,84423,0.1606,0.3686,121402,39684,0.3269,53.712,-1.676,South East (England)
Isle of Wight,E06000046,99747,4386,0.044,61085,10639,0.1742,115589,28078,26163,0.2429,0.2263,64775,13380,0.2066,53.631,-1.575,South East (England)
Medway,E06000035,194158,9469,0.0488,106209,18153,0.1709,210511,48226,40275,0.2291,0.1913,111457,22491,0.2018,53.964,-2.021,South East (England)
Milton Keynes,E06000042,181385,8640,0.0476,98584,17066,0.1731,193429,34850,54591,0.1802,0.2822,113103,23656,0.2092,53.718,-1.864,South East (England)
Portsmouth,E06000044,153705,6536,0.0425,85473,21098,0.2468,167256,35405,39630,0.2117,0.2369,86155,24669,0.2863,53.726,-1.49,South East (England)
Reading,E06000038,116808,5329,0.0456,62869,16394,0.2608,125582,21834,43690,0.1739,0.3479,67683,21623,0.3195,53.753,-1.566,South East (England)
Slough,E06000039,100458,5440,0.0542,50766,12348,0.2432,106645,21434,27560,0.201,0.2584,52423,16095,0.307,53.795,-1.549,South East (England)
Southampton,E06000045,180201,7631,0.0423,98254,24449,0.2488,195534,40991,48145,0.2096,0.2462,102290,29860,0.2919,53.713,-1.6,South East (England)
West Berkshire,E06000037,112054,3279,0.0293,62340,8555,0.1372,122731,21065,39406,0.1716,0.3211,66658,11431,0.1715,53.763,-1.756,South East (England)
Windsor and Maidenhead,E06000040,104247,3292,0.0316,58349,9432,0.1616,115900,18134,44500,0.1565,0.384,60929,12553,0.206,53.83,-1.563,South East (England)
Wokingham,E06000041,112273,2958,0.0263,60332,6755,0.112,123010,16226,49184,0.1319,0.3998,69165,9782,0.1414,53.798,-1.752,South East (England)
Eastbourne,E07000061,70473,2874,0.0408,45012,10494,0.2331,82691,19215,20194,0.2324,0.2442,45610,12118,0.2657,51.7,-1.41,South East (England)
Hastings,E07000062,66036,3621,0.0548,41159,11863,0.2882,73488,18649,15604,0.2538,0.2123,40451,11572,0.2861,51.79,-1.15,South East (England)
Lewes,E07000063,69269,2319,0.0335,42181,6108,0.1448,80534,17276,23690,0.2145,0.2942,43688,7384,0.169,51.7,-1.22,South East (England)
Rother,E07000064,62861,2019,0.0321,40877,5742,0.1405,76359,18858,19438,0.247,0.2546,42102,6827,0.1622,51.79,-1.4,South East (England)
Wealden,E07000065,105879,2670,0.0252,62676,6973,0.1113,122443,24347,35360,0.1988,0.2888,68266,9203,0.1348,51.9,-1.47,South East (England)
Basingstoke and Deane,E07000084,123243,3999,0.0324,69315,8172,0.1179,133947,23226,40793,0.1734,0.3045,76645,11800,0.154,51.3,-0.8,South East (England)
East Hampshire,E07000085,83522,2133,0.0255,47258,5517,0.1167,94019,15857,31844,0.1687,0.3387,52719,6876,0.1304,51.3,-0.8,South East (England)
Eastleigh,E07000086,91582,2768,0.0302,52177,6438,0.1234,101482,17907,28326,0.1765,0.2791,56924,7936,0.1394,51.3,-0.8,South East (England)
Fareham,E07000087,81198,2117,0.0261,46579,4645,0.0997,92153,16181,27419,0.1756,0.2975,48639,6106,0.1255,51.3,-0.8,South East (England)
Gosport,E07000088,59499,2520,0.0424,35430,5777,0.1631,66402,14347,14265,0.2161,0.2148,35920,6714,0.1869,51.3,-0.8,South East (England)
Hart,E07000089,66087,1570,0.0238,35510,4286,0.1207,72681,9815,27248,0.135,0.3749,39965,5442,0.1362,51.3,-0.8,South East (England)
Havant,E07000090,86247,3444,0.0399,51311,5087,0.0991,98807,24746,22017,0.2504,0.2228,53589,6655,0.1242,51.3,-0.8,South East (England)
New Forest,E07000091,124798,3288,0.0263,76839,9293,0.1209,147514,31178,40184,0.2114,0.2724,77567,11124,0.1434,51.3,-0.8,South East (England)
Rushmoor,E07000092,69652,2593,0.0372,36344,6379,0.1755,74854,13947,18493,0.1863,0.2471,39303,8449,0.215,51.3,-0.8,South East (England)
Test Valley,E07000093,84652,2133,0.0252,47626,6128,0.1287,94414,17330,28825,0.1836,0.3053,54706,8070,0.1475,51.3,-0.8,South East (England)
Winchester,E07000094,84495,1943,0.023,46865,6604,0.1409,95110,13828,38669,0.1454,0.4066,51712,9096,0.1759,51.3,-0.8,South East (England)
Ashford,E07000105,84252,3058,0.0363,47787,6849,0.1433,93411,19777,23007,0.2117,0.2463,53583,9499,0.1773,52.92,-1.48,South East (England)
Canterbury,E07000106,111867,3410,0.0305,60771,11876,0.1954,125971,25778,34385,0.2046,0.273,63792,14024,0.2198,52.95,-1.36,South East (England)
Dartford,E07000107,70488,3099,0.044,40081,6385,0.1593,77342,16334,17053,0.2112,0.2205,45694,8275,0.1811,52.92,-1.82,South East (England)
Dover,E07000108,80786,3607,0.0446,48310,8254,0.1709,91382,22885,20071,0.2504,0.2196,50552,9595,0.1898,52.84,-1.67,South East (England)
Gravesham,E07000109,73191,3714,0.0507,40431,6524,0.1614,80964,19742,16164,0.2438,0.1996,41724,7950,0.1905,52.81,-1.71,South East (England)
Maidstone,E07000110,113231,3848,0.034,63447,9256,0.1459,125476,25915,32154,0.2065,0.2563,71208,12339,0.1733,52.76,-1.77,South East (England)
Sevenoaks,E07000111,82098,2332,0.0284,47020,5057,0.1075,92481,17753,29580,0.192,0.3198,49014,6548,0.1336,52.7,-1.79,South East (England)
Folkestone and Hythe,E07000112,77938,3576,0.0459,47379,10520,0.222,88760,21900,19324,0.2467,0.2177,48337,10870,0.2249,52.63,-1.75,South East (England)
Swale,E07000113,98607,4538,0.046,55585,8446,0.1519,108539,29703,20535,0.2737,0.1892,60495,11102,0.1835,52.61,-1.67,South East (England)
Thanet,E07000114,94452,5358,0.0567,59513,14151,0.2378,108556,30784,21284,0.2836,0.1961,62200,16334,0.2626,52.57,-1.58,South East (England)
Tonbridge and Malling,E07000115,86435,2580,0.0298,48140,4869,0.1011,95821,19135,25967,0.1997,0.271,53571,6694,0.125,52.68,-1.47,South East (England)
Tunbridge Wells,E07000116,82052,2421,0.0295,47174,7995,0.1695,91483,15620,31687,0.1707,0.3464,48224,9268,0.1922,52.66,-1.63,South East (England)
Cherwell,E07000177,103269,2936,0.0284,56728,9206,0.1623,113422,22331,31830,0.1969,0.2806,65893,13033,0.1978,52.13,-0.88,South East (England)
Oxford,E07000178,118437,3801,0.0321,55375,15634,0.2823,126725,17287,53977,0.1364,0.4259,55239,17762,0.3215,52.19,-0.86,South East (England)
South Oxfordshire,E07000179,96892,2446,0.0252,54104,7211,0.1333,108232,17827,39727,0.1647,0.3671,61498,9784,0.1591,52.06,-0.76,South East (England)
Vale of White Horse,E07000180,87477,2190,0.025,49407,6733,0.1363,97867,16328,36420,0.1668,0.3721,57497,9002,0.1566,52.12,-0.76,South East (England)
West Oxfordshire,E07000181,76163,1730,0.0227,43241,6423,0.1485,85312,15054,28076,0.1765,0.3291,47981,8570,0.1786,52.18,-0.77,South East (England)
Elmbridge,E07000207,92027,2457,0.0267,52922,8006,0.1513,103005,13628,45170,0.1323,0.4385,55587,9725,0.175,53.804,-1.546,South East (England)
Epsom and Ewell,E07000208,54170,1480,0.0273,29784,3962,0.133,60371,9559,21720,0.1583,0.3598,31321,5048,0.1612,53.69,-1.493,South East (England)
Guildford,E07000209,102054,2750,0.0269,53973,8522,0.1579,112589,15993,44496,0.142,0.3952,55760,10930,0.196,53.736,-1.34,South East (England)
Mole Valley,E07000210,60778,1529,0.0252,35828,4270,0.1192,69580,11111,26396,0.1597,0.3794,37139,5238,0.141,53.66,-1.51,South East (England)
Reigate and Banstead,E07000211,99173,2892,0.0292,55423,7169,0.1294,110725,18363,37602,0.1658,0.3396,59849,9387,0.1568,53.668,-1.648,South East (England)
Runnymede,E07000212,59793,1630,0.0273,32714,4974,0.152,66653,12176,19945,0.1827,0.2992,34838,6652,0.1909,53.604,-1.486,South East (England)
Spelthorne,E07000213,69916,2277,0.0326,39512,5004,0.1266,78089,15947,20262,0.2042,0.2595,41804,7487,0.1791,53.548,-1.478,South East (England)
Surrey Heath,E07000214,62565,1731,0.0277,33546,4073,0.1214,69302,10387,23887,0.1499,0.3447,36008,5531,0.1536,53.543,-1.35,South East (England)
Tandridge,E07000215,59457,1645,0.0277,33342,3666,0.11,66922,11467,22063,0.1713,0.3297,35623,4730,0.1328,53.518,-1.22,South East (England)
Waverley,E07000216,85617,2068,0.0242,49280,5577,0.1132,97478,14790,39125,0.1517,0.4014,52448,7703,0.1469,53.527,-1.128,South East (England)
Woking,E07000217,71722,2313,0.0322,39467,6186,0.1567,79185,12042,30374,0.1521,0.3836,41438,8738,0.2109,53.484,-1.148,South East (England)
Adur,E07000223,43860,1466,0.0334,26957,3079,0.1142,50579,12936,11122,0.2558,0.2199,27678,4095,0.148,51.27,-0.53,South East (England)
Arun,E07000224,106071,3538,0.0334,66706,10211,0.1531,126164,31364,28732,0.2486,0.2277,72661,13225,0.182,51.13,-0.51,South East (England)
Chichester,E07000225,81037,2267,0.028,49848,7423,0.1489,95161,18566,30820,0.1951,0.3239,54118,9807,0.1812,51.15,-0.35,South East (England)
Crawley,E07000226,77348,3490,0.0451,42727,6214,0.1454,84549,16995,18214,0.201,0.2154,45502,9015,0.1981,51.15,-0.42,South East (England)
Horsham,E07000227,94318,2557,0.0271,54923,6480,0.118,106758,17407,34814,0.1631,0.3261,62370,9055,0.1452,51.31,-0.75,South East (England)
Mid Sussex,E07000228,100252,2435,0.0243,57409,7322,0.1275,112755,16731,37917,0.1484,0.3363,63349,9710,0.1533,51.24,-0.75,South East (England)
Worthing,E07000229,74338,2578,0.0347,47044,9102,0.1935,85971,18319,22314,0.2131,0.2596,49538,10916,0.2204,51.21,-0.69,South East (England)
Bath and North East Somerset,E06000022,130550,3548,0.0272,73515,12447,0.1693,146439,25140,48910,0.1717,0.334,79250,15309,0.1932,54.66,-0.993,South West (England)
"Bristol, City of",E06000023,321506,13817,0.043,182747,43028,0.2355,349653,70478,114621,0.2016,0.3278,191638,50213,0.262,54.53,-0.643,South West (England)
Cornwall,E06000052,388858,12694,0.0326,230389,38605,0.1676,442332,99237,110518,0.2243,0.2499,250533,49371,0.1971,51.45,-0.97,South West (England)
Isles of Scilly,E06000053,1622,18,0.0111,989,294,0.2973,1857,264,613,0.1422,0.3301,939,344,0.3663,51.387,-1.003,South West (England)
North Somerset,E06000024,145352,4350,0.0299,88227,14270,0.1617,165914,32539,47041,0.1961,0.2835,94648,17420,0.1841,53.944,-1.082,South West (England)
Plymouth,E06000026,191786,8136,0.0424,109307,22026,0.2015,211502,47073,45379,0.2226,0.2146,114557,25921,0.2263,53.745,-2.478,South West (England)
South Gloucestershire,E06000025,192468,5354,0.0278,107538,14600,0.1358,212837,39618,56805,0.1861,0.2669,118101,18588,0.1574,53.767,-2.715,South West (England)
Swindon,E06000030,154080,6518,0.0423,88360,14169,0.1604,167774,34424,38097,0.2052,0.2271,95861,18520,0.1932,53.748,-2.234,South West (England)
Torbay,E06000027,94000,4275,0.0455,59010,13696,0.2321,109290,28215,22564,0.2582,0.2065,62992,16767,0.2662,53.645,-2.605,South West (England)
Wiltshire,E06000054,339595,9999,0.0294,194194,29968,0.1543,380013,70782,112067,0.1863,0.2949,215081,37422,0.174,51.445,-0.769,South West (England)
East Devon,E07000040,92782,2270,0.0245,59071,8041,0.1361,112002,23597,32573,0.2107,0.2908,66788,10697,0.1602,50.967,-1.383,South West (England)
Exeter,E07000041,89544,2739,0.0306,49242,10336,0.2099,99066,18156,28291,0.1833,0.2856,52554,13107,0.2494,51.09,-1.308,South West (England)
Mid Devon,E07000042,55847,1513,0.0271,32758,5091,0.1554,63200,14323,16716,0.2266,0.2645,35631,6612,0.1856,51.007,-1.143,South West (England)
North Devon,E07000043,67507,2052,0.0304,40001,7341,0.1835,77378,18613,17732,0.2405,0.2292,43198,8813,0.204,51.0,-2.5,South West (England)
South Hams,E07000044,60617,1422,0.0235,36858,5259,0.1427,69868,12047,23946,0.1724,0.3427,39337,6326,0.1608,51.0,-2.5,South West (England)
Teignbridge,E07000045,89471,2477,0.0277,54003,8358,0.1548,103738,22353,29014,0.2155,0.2797,59837,10683,0.1785,51.83,-2.1,South West (England)
Torridge,E07000046,46510,1586,0.0341,27986,4746,0.1696,53321,13550,11552,0.2541,0.2167,30458,6152,0.202,51.87,-2.24,South West (England)
West Devon,E07000047,38941,1197,0.0307,22725,3409,0.15,44652,9077,13410,0.2033,0.3003,24818,4526,0.1824,51.91,-2.08,South West (England)
Cheltenham,E07000078,86090,2878,0.0334,50929,10925,0.2145,96008,15904,34782,0.1657,0.3623,52899,12378,0.234,52.57,-1.82,South West (England)
Cotswold,E07000079,60075,1491,0.0248,36236,5518,0.1523,69138,12758,23267,0.1845,0.3365,40597,7049,0.1736,52.67,-2.02,South West (England)
Forest of Dean,E07000080,60341,2084,0.0345,34167,3835,0.1122,67947,16664,16285,0.2452,0.2397,37217,5031,0.1352,51.0,-2.5,South West (England)
Gloucester,E07000081,88942,3791,0.0426,50363,8755,0.1738,97531,21247,21651,0.2178,0.222,55406,11803,0.213,51.0,-2.5,South West (England)
Stroud,E07000082,81955,2306,0.0281,47794,5791,0.1212,92251,16788,30324,0.182,0.3287,52378,7153,0.1366,51.0,-2.5,South West (England)
Tewkesbury,E07000083,59685,1682,0.0282,35126,4351,0.1239,67358,12667,20329,0.1881,0.3018,40931,5841,0.1427,51.0,-2.5,South West (England)
Mendip,E07000187,78653,2297,0.0292,46157,7136,0.1546,88882,19054,24769,0.2144,0.2787,50294,9077,0.1805,52.58,-1.13,South West (England)
Sedgemoor,E07000188,82903,2972,0.0358,48801,7113,0.1458,93922,23534,20778,0.2506,0.2212,53904,9651,0.179,52.5,-1.21,South West (England)
South Somerset,E07000189,115790,3170,0.0274,69501,9272,0.1334,132625,29089,33228,0.2193,0.2505,75936,12734,0.1677,52.53,-1.3,South West (England)
Isle of Anglesey,W06000001,50818,2381,0.0469,30594,4324,0.1413,57890,13991,15098,0.2417,0.2608,30824,4799,0.1557,53.31,-3.83,Wales
Gwynedd,W06000002,88913,3176,0.0357,52473,8060,0.1536,100923,23365,26673,0.2315,0.2643,51105,8865,0.1735,53.283,-3.725,Wales
Conwy,W06000003,81906,3362,0.041,51177,8534,0.1668,96102,24577,24473,0.2557,0.2547,52235,9920,0.1899,53.225,-3.75,Wales
Denbighshire,W06000004,67676,2857,0.0422,40546,6446,0.159,76781,19540,18615,0.2545,0.2424,42387,8492,0.2003,53.185,-3.43,Wales
Flintshire,W06000005,112325,4332,0.0386,63781,6729,0.1055,123862,29116,27791,0.2351,0.2244,66911,8839,0.1321,53.08,-3.43,Wales
Wrexham,W06000006,98691,4128,0.0418,57029,6775,0.1188,109026,29094,24851,0.2669,0.2279,57915,9166,0.1583,52.938,-3.15,Wales
Powys,W06000023,96069,2928,0.0305,58345,8638,0.1481,110083,27273,28991,0.2477,0.2634,60182,10760,0.1788,53.069,-3.64,Wales
Ceredigion,W06000008,57405,1469,0.0256,31562,6275,0.1988,64692,12824,18064,0.1982,0.2792,30891,6371,0.2062,52.6,-3.8,Wales
Pembrokeshire,W06000009,88049,3555,0.0404,53122,7188,0.1353,100362,24668,24849,0.2458,0.2476,55487,9114,0.1643,52.415,-3.96,Wales
Carmarthenshire,W06000010,132930,4962,0.0373,78829,9301,0.118,150763,40334,36036,0.2675,0.239,81759,12171,0.1489,51.86,-3.83,Wales
Swansea,W06000011,176971,6831,0.0386,103497,15260,0.1474,197627,47316,51081,0.2394,0.2585,104962,18901,0.1801,51.7,-3.38,Wales
Neath Port Talbot,W06000012,102986,4630,0.045,60393,6186,0.1024,115175,35607,21636,0.3092,0.1879,62377,8652,0.1387,51.626,-3.94,Wales
Bridgend,W06000013,102805,4687,0.0456,58515,7188,0.1228,113890,32282,25699,0.2834,0.2256,62360,9526,0.1528,51.636,-3.68,Wales
Vale of Glamorgan,W06000014,91816,3956,0.0431,53505,7813,0.146,102504,20964,30527,0.2045,0.2978,57449,8977,0.1563,51.664,-3.42,Wales
Cardiff,W06000015,260268,11566,0.0444,142557,31220,0.219,283115,58688,91522,0.2073,0.3233,147333,35785,0.2429,51.48,-3.18,Wales
Rhondda Cynon Taff,W06000016,172047,8104,0.0471,99663,13604,0.1365,190116,60403,37168,0.3177,0.1955,103339,18238,0.1765,51.61,-3.0,Wales
Merthyr Tydfil,W06000024,43377,2481,0.0572,24264,2809,0.1158,47842,16407,8493,0.3429,0.1775,25783,3967,0.1539,52.73,-3.86,Wales
Caerphilly,W06000018,130950,6731,0.0514,74479,7995,0.1073,143825,45102,26843,0.3136,0.1866,76255,10154,0.1332,51.58,-2.99,Wales
Blaenau Gwent,W06000019,51809,3557,0.0687,30416,3892,0.128,57321,20662,8689,0.3605,0.1516,30340,4847,0.1598,52.045,-4.75,Wales
Torfaen,W06000020,66107,3163,0.0478,38524,3315,0.0861,73833,21329,14976,0.2889,0.2028,40241,4495,0.1117,52.412,-4.082,Wales
Monmouthshire,W06000021,66107,2217,0.0335,38233,4130,0.108,75080,15521,24839,0.2067,0.3308,40922,5582,0.1364,52.8,-4.1,Wales
Newport,W06000022,105141,5616,0.0534,61172,8572,0.1401,116348,31454,27202,0.2703,0.2338,66054,11019,0.1668,53.0,-4.1,Wales
