area_name,area_code,tSNE_1,tSNE_2,unemployment_rate,pct_private_rented_2021,pct_level4,pct_no_quals
Darlington,E06000005,5.0204387,-8.022742,0.0522,0.206,0.2372,0.2481
County Durham,E06000047,-5.8257456,-9.511332,0.0443,0.1712,0.2146,0.275
Hartlepool,E06000001,0.28744417,-18.143148,0.0777,0.1758,0.176,0.3066
Middlesbrough,E06000002,1.3567954,-17.720718,0.0759,0.2104,0.1854,0.2989
Northumberland,E06000057,-1.7328167,-4.4932036,0.0443,0.1642,0.2557,0.2387
Redcar and Cleveland,E06000003,-2.7100601,-16.379555,0.0659,0.1581,0.1893,0.2842
Stockton-on-Tees,E06000004,-0.64050853,-9.680365,0.0574,0.1696,0.2282,0.2377
Gateshead,E08000037,-4.843854,-11.670419,0.0501,0.1639,0.215,0.2804
Newcastle upon Tyne,E08000021,6.1733007,-6.7336226,0.05,0.2278,0.2716,0.2364
North Tyneside,E08000022,-1.9763417,-6.282425,0.0494,0.152,0.2528,0.2372
South Tyneside,E08000023,-3.3867555,-16.499243,0.0656,0.1322,0.1924,0.2798
Sunderland,E08000024,-4.088329,-15.644898,0.0585,0.1481,0.1818,0.2905
Blackburn with Darwen,E06000008,-1.269418,-13.931834,0.0534,0.2016,0.1982,0.2872
Blackpool,E06000009,12.146717,-11.378294,0.061,0.3175,0.1551,0.3133
Cheshire East,E06000049,-6.2956085,12.425536,0.0323,0.1551,0.3195,0.1965
Cheshire West and Chester,E06000050,-6.745438,9.146167,0.0368,0.1572,0.2936,0.2097
Halton,E06000006,-5.32355,-14.160301,0.0556,0.1433,0.1765,0.2691
Warrington,E06000007,-7.921964,8.439573,0.0399,0.1521,0.2745,0.2068
Allerdale,E07000026,-11.137129,-3.6692915,0.036,0.122,0.2277,0.2699
Barrow-in-Furness,E07000027,-3.8593137,-10.08927,0.0463,0.1682,0.1899,0.2539
Carlisle,E07000028,-4.100401,-1.8157068,0.0358,0.1757,0.222,0.2489
Copeland,E07000029,-11.925527,-4.813692,0.0424,0.1104,0.21,0.2696
Eden,E07000030,1.1841646,5.095276,0.0212,0.1809,0.2742,0.2267
South Lakeland,E07000031,0.028752081,14.141018,0.0201,0.1673,0.3335,0.1889
Bolton,E08000001,-2.4934134,-10.013491,0.0494,0.1799,0.2216,0.2635
Bury,E08000002,-0.9347248,-3.4462981,0.0428,0.1766,0.2568,0.2256
Manchester,E08000003,15.284628,-6.5445523,0.0571,0.3232,0.289,0.2311
Oldham,E08000004,-3.8373551,-14.711958,0.0542,0.1771,0.1861,0.2959
Rochdale,E08000005,-2.5607488,-14.980055,0.0592,0.1829,0.1939,0.287
Salford,E08000006,8.906816,-10.144365,0.0522,0.268,0.223,0.2711
Stockport,E08000007,-7.7020583,9.122844,0.039,0.1436,0.2981,0.2064
Tameside,E08000008,-4.0661273,-12.837396,0.0499,0.1754,0.1755,0.2805
Trafford,E08000009,-5.2941346,11.567865,0.0377,0.1532,0.3378,0.1857
Wigan,E08000010,-6.1076984,-11.77141,0.0486,0.1591,0.1954,0.2734
Burnley,E07000117,7.798624,-10.810963,0.0527,0.2432,0.1873,0.2934
Chorley,E07000118,-10.34791,6.2422886,0.0324,0.1389,0.2783,0.2124
Fylde,E07000119,2.0464067,6.661362,0.0309,0.1923,0.2977,0.2117
Hyndburn,E07000120,6.704518,-10.218397,0.0461,0.231,0.1893,0.2799
Lancaster,E07000121,5.7038403,3.6449714,0.0325,0.2172,0.2721,0.2063
Pendle,E07000122,6.747493,-10.159902,0.0467,0.2296,0.2023,0.2816
Preston,E07000123,5.72719,-5.557916,0.044,0.2237,0.2462,0.2345
Ribble Valley,E07000124,-0.48500344,15.03947,0.0206,0.1497,0.3398,0.1833
Rossendale,E07000125,-1.5998139,-3.1390233,0.0417,0.1704,0.2513,0.2396
South Ribble,E07000126,-11.131658,6.7294807,0.0301,0.128,0.264,0.2034
West Lancashire,E07000127,-8.727197,-0.42334405,0.039,0.1385,0.2535,0.2348
Wyre,E07000128,-4.920729,-2.2665272,0.0317,0.182,0.2298,0.2588
Knowsley,E08000011,-2.7128315,-18.761106,0.0652,0.1432,0.1546,0.3467
Liverpool,E08000012,10.880854,-11.469843,0.0672,0.2606,0.2244,0.2872
Sefton,E08000014,-0.6669745,-8.155989,0.049,0.1825,0.2406,0.2514
St. Helens,E08000013,-6.5268836,-13.341461,0.0512,0.1514,0.2087,0.2786
Wirral,E08000015,2.9958365,-7.2700496,0.0517,0.1891,0.2526,0.2342
East Riding of Yorkshire,E06000011,-2.5258417,-0.017834561,0.0358,0.1692,0.2587,0.2337
"Kingston upon Hull, City of",E06000010,2.138057,-18.296965,0.0802,0.239,0.1523,0.3165
North East Lincolnshire,E06000012,1.2880958,-16.313318,0.0646,0.224,0.1621,0.2953
North Lincolnshire,E06000013,-4.1349425,-10.746283,0.048,0.1716,0.1953,0.2618
York,E06000014,3.8656595,12.339562,0.0306,0.1999,0.324,0.1796
Craven,E07000163,1.2405075,11.433683,0.025,0.181,0.3176,0.2027
Hambleton,E07000164,0.56850237,12.146088,0.0256,0.1673,0.3206,0.1963
Harrogate,E07000165,2.9932349,13.557315,0.0257,0.19,0.341,0.1729
Richmondshire,E07000166,7.1289415,4.578651,0.0289,0.2323,0.2696,0.1856
Ryedale,E07000167,0.9612004,3.7875197,0.0274,0.1959,0.273,0.24
Scarborough,E07000168,6.82856,-7.723259,0.0425,0.2167,0.2269,0.2599
Selby,E07000169,-9.676182,6.6095667,0.0348,0.1342,0.261,0.2118
Barnsley,E08000016,-5.8969693,-17.46351,0.0513,0.1719,0.1738,0.3233
Doncaster,E08000017,-1.510723,-15.27618,0.0575,0.1943,0.1703,0.3026
Rotherham,E08000018,-5.670523,-15.361184,0.0523,0.1495,0.1739,0.2984
Sheffield,E08000019,2.0541325,-6.6671934,0.0478,0.1872,0.2566,0.243
Bradford,E08000032,7.732661,-11.545499,0.058,0.23,0.2184,0.2771
Calderdale,E08000033,3.8212957,-7.0706053,0.0497,0.2038,0.2498,0.238
Kirklees,E08000034,1.6568068,-7.0612016,0.0471,0.1907,0.2387,0.2544
Leeds,E08000035,5.451435,-6.3800507,0.0478,0.2179,0.2694,0.2321
Wakefield,E08000036,-7.085652,-15.830473,0.0486,0.1486,0.1835,0.3108
Derby,E06000015,4.4139233,-7.5675154,0.0519,0.2125,0.2421,0.241
Leicester,E06000016,11.41774,-10.731917,0.0618,0.2939,0.2119,0.2856
Nottingham,E06000018,11.711406,-9.891995,0.0637,0.2861,0.2194,0.2559
Rutland,E06000017,0.8069129,13.7326,0.0238,0.1672,0.329,0.1777
Amber Valley,E07000032,-9.140639,-5.0458612,0.0387,0.1463,0.2315,0.2699
Bolsover,E07000033,-6.946542,-18.144196,0.0467,0.1717,0.1584,0.3289
Chesterfield,E07000034,-5.7314544,-10.74497,0.0466,0.1619,0.2102,0.2759
Derbyshire Dales,E07000035,-7.8869047,15.230325,0.0268,0.144,0.3342,0.2154
Erewash,E07000036,-4.8708696,-9.787451,0.0453,0.1683,0.2068,0.2589
High Peak,E07000037,-6.3135295,8.737674,0.0382,0.1605,0.2941,0.2086
North East Derbyshire,E07000038,-12.324188,-3.640121,0.0367,0.1002,0.2218,0.2694
South Derbyshire,E07000039,-6.8199854,4.509123,0.0306,0.147,0.2595,0.2201
Blaby,E07000129,-10.833218,3.8133886,0.0286,0.128,0.2487,0.2222
Charnwood,E07000130,-2.3676202,5.854053,0.0309,0.1737,0.2677,0.205
Harborough,E07000131,-4.996085,16.88675,0.0245,0.1346,0.3184,0.1805
Hinckley and Bosworth,E07000132,-10.27931,-0.120936245,0.0315,0.1439,0.2406,0.2439
Melton,E07000133,-3.4658327,4.9773264,0.0289,0.1717,0.2615,0.2136
North West Leicestershire,E07000134,-10.253025,-2.1424046,0.0344,0.1351,0.2428,0.2598
Oadby and Wigston,E07000135,-9.591315,2.2699666,0.0322,0.1602,0.2475,0.2257
Boston,E07000136,-7.939655,-19.473173,0.0416,0.2029,0.1513,0.327
East Lindsey,E07000137,-8.28137,-20.05181,0.0397,0.2025,0.1806,0.3262
Lincoln,E07000138,10.840614,-7.3700056,0.0494,0.2719,0.2129,0.2191
North Kesteven,E07000139,-5.3378744,4.708528,0.0291,0.1601,0.2543,0.2175
South Holland,E07000140,-9.00658,-17.07122,0.0396,0.1706,0.1579,0.3085
South Kesteven,E07000141,-2.106191,3.7809205,0.0334,0.1802,0.2564,0.2164
West Lindsey,E07000142,-1.972967,-1.068855,0.0381,0.1788,0.2528,0.23
Ashfield,E07000170,-7.499113,-17.319094,0.047,0.1706,0.1509,0.3138
Bassetlaw,E07000171,-7.893138,-7.574757,0.0395,0.1623,0.2024,0.2847
Broxtowe,E07000172,-1.4012898,-0.21748129,0.0387,0.1728,0.2824,0.2313
Gedling,E07000173,-2.447452,-3.4726226,0.0407,0.1589,0.2533,0.2359
Mansfield,E07000174,-7.9069133,-17.90065,0.046,0.1887,0.1636,0.3036
Newark and Sherwood,E07000175,-5.510731,-1.2613473,0.0356,0.1617,0.2416,0.2506
Rushcliffe,E07000176,0.4391543,18.292166,0.0275,0.1466,0.3899,0.1638
"Herefordshire, County of",E06000019,-0.55803394,3.0553744,0.0326,0.1884,0.2749,0.2293
Shropshire,E06000051,-1.2602159,3.59538,0.0328,0.1746,0.275,0.2251
Stoke-on-Trent,E06000021,-5.710509,-19.049442,0.0531,0.2029,0.1547,0.3378
Telford and Wrekin,E06000020,2.5066447,-8.276252,0.0475,0.2117,0.2092,0.2462
Cannock Chase,E07000192,-6.792926,-12.265519,0.0458,0.1579,0.1722,0.2819
East Staffordshire,E07000193,-0.052724868,-2.121915,0.0382,0.1948,0.2338,0.2469
Lichfield,E07000194,-11.258758,5.5155272,0.0339,0.1275,0.2842,0.2242
Newcastle-under-Lyme,E07000195,-9.912407,-4.134485,0.0366,0.1448,0.2249,0.2678
South Staffordshire,E07000196,-11.7459135,1.1063778,0.0331,0.1057,0.2509,0.2398
Stafford,E07000197,-4.632157,9.502353,0.0311,0.1555,0.3028,0.2039
Staffordshire Moorlands,E07000198,-11.839437,-0.90246147,0.0282,0.1269,0.2374,0.2658
Tamworth,E07000199,-8.227051,-11.5039015,0.0447,0.1411,0.1742,0.2679
North Warwickshire,E07000218,-9.162155,-6.3411965,0.036,0.149,0.1978,0.2792
Nuneaton and Bedworth,E07000219,-5.4123197,-12.040366,0.0474,0.1661,0.1857,0.2804
Rugby,E07000220,-2.3137789,7.3520403,0.0359,0.1802,0.2818,0.1955
Stratford-on-Avon,E07000221,-4.3002305,16.063911,0.0246,0.1406,0.3338,0.1934
Warwick,E07000222,4.0618825,15.057485,0.0303,0.1902,0.3844,0.1639
Birmingham,E08000025,2.487132,-16.891323,0.0712,0.226,0.2298,0.2823
Coventry,E08000026,9.437257,-8.718935,0.054,0.2475,0.2305,0.2393
Dudley,E08000027,-6.557608,-14.6563225,0.0532,0.1382,0.1917,0.2998
Sandwell,E08000028,-0.9832064,-18.729988,0.0731,0.1861,0.1536,0.3517
Solihull,E08000029,-8.178898,1.2135967,0.0425,0.1285,0.2853,0.2271
Walsall,E08000030,-1.9559276,-18.346718,0.0677,0.1634,0.1689,0.3371
Wolverhampton,E08000031,0.31146786,-18.58374,0.0785,0.1903,0.1951,0.3123
Bromsgrove,E07000234,-12.3117075,6.7566667,0.0305,0.1061,0.3054,0.2129
Malvern Hills,E07000235,-7.59288,14.258847,0.0316,0.1334,0.3393,0.2031
Redditch,E07000236,-7.4447064,-9.977529,0.046,0.1441,0.207,0.2512
Worcester,E07000237,6.726156,-1.4970261,0.0418,0.2123,0.2766,0.2132
Wychavon,E07000238,-10.445013,5.6056256,0.0313,0.1306,0.2872,0.2211
Wyre Forest,E07000239,-6.5639443,-8.571055,0.042,0.1597,0.2207,0.2781
Bedford,E06000055,6.1413784,-0.6718395,0.0445,0.191,0.2814,0.2037
Central Bedfordshire,E06000056,-8.34325,10.177973,0.0345,0.1372,0.2727,0.1938
Luton,E06000032,11.797401,-8.523668,0.0574,0.2899,0.2225,0.2362
Peterborough,E06000031,8.277856,-8.974512,0.0506,0.2438,0.2024,0.2502
Southend-on-Sea,E06000033,10.217465,-8.1640835,0.0497,0.265,0.2183,0.2462
Thurrock,E06000034,-2.59325,-13.064988,0.0542,0.1828,0.1744,0.2645
Cambridge,E07000008,17.158432,1.0934684,0.0269,0.3143,0.4733,0.1189
East Cambridgeshire,E07000009,-3.7657936,7.7138176,0.0288,0.1645,0.2902,0.2093
Fenland,E07000010,-8.368562,-19.026846,0.0423,0.1995,0.1488,0.3125
Huntingdonshire,E07000011,-2.1352909,8.344822,0.0316,0.1678,0.2792,0.1922
South Cambridgeshire,E07000012,0.40600306,19.353678,0.0232,0.1401,0.401,0.1529
Basildon,E07000066,-7.7466135,-11.77346,0.0465,0.1424,0.1863,0.2664
Braintree,E07000067,-6.6425033,-1.4994733,0.0376,0.1507,0.222,0.2283
Brentwood,E07000068,-6.827702,12.42401,0.0315,0.1596,0.3068,0.1938
Castle Point,E07000069,-10.228483,-15.352038,0.0354,0.1401,0.1462,0.2992
Chelmsford,E07000070,-7.1264515,11.010581,0.0341,0.1555,0.288,0.1886
Colchester,E07000071,6.344654,2.963465,0.0347,0.2153,0.2716,0.194
Epping Forest,E07000072,-9.233943,-0.29554534,0.036,0.1493,0.2534,0.2395
Harlow,E07000073,-5.59331,-13.188688,0.0519,0.1538,0.1763,0.2605
Maldon,E07000074,-11.608425,2.0982008,0.0304,0.1175,0.2364,0.2313
Rochford,E07000075,-12.613451,1.1949071,0.0304,0.107,0.2001,0.2363
Tendring,E07000076,-6.998906,-19.586311,0.0467,0.1982,0.1588,0.343
Uttlesford,E07000077,-3.4649115,15.727073,0.0267,0.1454,0.3194,0.1772
Broxbourne,E07000095,-8.282404,-9.724072,0.0418,0.1598,0.1923,0.2555
Dacorum,E07000096,-6.5283213,11.245799,0.0367,0.1434,0.3093,0.1877
East Hertfordshire,E07000242,-2.0716202,15.645218,0.0285,0.1607,0.3347,0.1721
Hertsmere,E07000098,-5.787432,10.231453,0.0371,0.1727,0.308,0.1942
North Hertfordshire,E07000099,-4.859396,12.227065,0.0344,0.1537,0.3442,0.1799
St Albans,E07000240,2.670088,19.29774,0.0272,0.1628,0.4634,0.129
Stevenage,E07000243,-3.3073037,-6.3489995,0.048,0.1498,0.2208,0.2152
Three Rivers,E07000102,-6.259274,16.488487,0.0318,0.1345,0.3391,0.1756
Watford,E07000103,13.422469,-1.2238011,0.0406,0.282,0.322,0.1745
Welwyn Hatfield,E07000241,-3.3893626,12.598901,0.033,0.1642,0.3001,0.1721
Breckland,E07000143,-6.1902785,-5.2288575,0.0351,0.1811,0.1865,0.2796
Broadland,E07000144,-11.419202,3.0445266,0.0256,0.1228,0.2318,0.2291
Great Yarmouth,E07000145,-0.25627506,-16.366684,0.0606,0.215,0.1421,0.3281
King's Lynn and West Norfolk,E07000146,-6.3886147,-5.7673235,0.0366,0.1883,0.1913,0.2928
North Norfolk,E07000147,-5.453685,-3.4800458,0.0332,0.1765,0.2226,0.2745
Norwich,E07000148,12.12977,-6.57452,0.0502,0.2692,0.2773,0.2263
South Norfolk,E07000149,-9.35032,4.682116,0.0273,0.1389,0.2704,0.2257
Babergh,E07000200,-7.4731216,4.0878386,0.0298,0.1482,0.2581,0.2279
Ipswich,E07000202,8.096421,-9.581237,0.0536,0.2296,0.2063,0.2581
Mid Suffolk,E07000203,-9.484187,4.311238,0.0255,0.1371,0.2644,0.2233
Camden,E09000007,19.033892,-0.87141657,0.0446,0.3559,0.5055,0.1268
City of London,E09000001,20.73567,0.09110239,0.0296,0.4829,0.6836,0.0672
Hackney,E09000012,17.889719,-4.0227704,0.0705,0.3219,0.4181,0.1956
Hammersmith and Fulham,E09000013,19.283857,-1.5075816,0.0485,0.3638,0.4956,0.1277
Haringey,E09000014,18.575085,-3.6643982,0.0608,0.3557,0.4078,0.1783
Islington,E09000019,18.012215,-2.2474923,0.0543,0.3117,0.4805,0.1699
Kensington and Chelsea,E09000020,20.039066,-0.70222884,0.0431,0.3956,0.5268,0.1009
Lambeth,E09000022,18.619143,-2.631538,0.06,0.3143,0.4662,0.1424
Lewisham,E09000023,15.882756,-3.9182248,0.0619,0.272,0.38,0.1772
Newham,E09000025,18.179764,-5.564228,0.0687,0.3851,0.3014,0.2062
Southwark,E09000028,16.74052,-3.3031857,0.06,0.2867,0.4307,0.1634
Tower Hamlets,E09000030,18.748785,-4.5199103,0.0675,0.3816,0.4103,0.1996
Wandsworth,E09000032,19.31433,-0.15211603,0.0382,0.3627,0.5357,0.1157
Westminster,E09000033,20.503265,-1.2720569,0.0452,0.4331,0.5029,0.1282
Barking and Dagenham,E09000002,2.4068348,-17.174837,0.0734,0.2421,0.2087,0.279
Barnet,E09000003,16.744436,-1.2380422,0.0444,0.3271,0.4034,0.1554
Bexley,E09000004,-3.9164774,-6.1275578,0.0437,0.153,0.2177,0.2297
Brent,E09000005,17.388874,-4.916627,0.0579,0.3602,0.3325,0.1921
Bromley,E09000006,-4.629077,11.117509,0.039,0.1742,0.3308,0.1791
Croydon,E09000008,14.019559,-3.7551773,0.0552,0.2579,0.3177,0.1762
Ealing,E09000009,16.959196,-2.3866313,0.0521,0.3403,0.3704,0.1646
Enfield,E09000010,13.586362,-6.834066,0.0589,0.2926,0.2872,0.2299
Greenwich,E09000011,14.144785,-4.557733,0.0617,0.255,0.332,0.2063
Harrow,E09000015,14.860322,-1.3608927,0.0449,0.2956,0.3676,0.1675
Havering,E09000016,-7.588964,-10.748789,0.0446,0.1582,0.1944,0.2642
Hillingdon,E09000017,10.528905,-1.4949481,0.0435,0.2589,0.2804,0.1914
Hounslow,E09000018,15.120296,-2.0598698,0.0464,0.3087,0.3456,0.1733
Kingston upon Thames,E09000021,15.861573,0.93542933,0.0322,0.2729,0.4144,0.1341
Merton,E09000024,16.099558,-0.3321198,0.0406,0.2906,0.4109,0.1516
Redbridge,E09000026,14.986113,-3.1191132,0.0531,0.3045,0.3392,0.1845
Richmond upon Thames,E09000027,16.334509,2.1562274,0.0301,0.2474,0.5304,0.1061
Sutton,E09000029,6.4143443,0.5676812,0.0391,0.2026,0.3008,0.1862
Waltham Forest,E09000031,14.626873,-5.764808,0.061,0.2779,0.2999,0.2081
Bracknell Forest,E06000036,-3.8298652,13.127382,0.0338,0.1573,0.3031,0.1631
Brighton and Hove,E06000043,17.222466,-0.5304219,0.0371,0.3269,0.3686,0.1606
Isle of Wight,E06000046,4.0760503,-5.7244906,0.044,0.2066,0.2263,0.2429
Medway,E06000035,3.5812666,-8.769993,0.0488,0.2018,0.1913,0.2291
Milton Keynes,E06000042,7.254027,-0.5156732,0.0476,0.2092,0.2822,0.1802
Portsmouth,E06000044,11.299169,-5.573278,0.0425,0.2863,0.2369,0.2117
Reading,E06000038,15.965528,-1.860807,0.0456,0.3195,0.3479,0.1739
Slough,E06000039,13.436065,-5.9926147,0.0542,0.307,0.2584,0.201
Southampton,E06000045,11.570925,-5.3005996,0.0423,0.2919,0.2462,0.2096
West Berkshire,E06000037,-2.0066338,14.389775,0.0293,0.1715,0.3211,0.1716
Windsor and Maidenhead,E06000040,4.0084105,15.816937,0.0316,0.206,0.384,0.1565
Wokingham,E06000041,0.6420888,20.206282,0.0263,0.1414,0.3998,0.1319
Eastbourne,E07000061,10.522893,-5.9495397,0.0408,0.2657,0.2442,0.2324
Hastings,E07000062,12.923472,-9.17835,0.0548,0.2861,0.2123,0.2538
Lewes,E07000063,-1.6151187,6.588689,0.0335,0.169,0.2942,0.2145
Rother,E07000064,-4.2791023,0.28310278,0.0321,0.1622,0.2546,0.247
Wealden,E07000065,-10.445915,9.162047,0.0252,0.1348,0.2888,0.1988
Basingstoke and Deane,E07000084,-4.6419134,13.326089,0.0324,0.154,0.3045,0.1734
East Hampshire,E07000085,-3.7864215,17.768446,0.0255,0.1304,0.3387,0.1687
Eastleigh,E07000086,-5.5385447,13.829674,0.0302,0.1394,0.2791,0.1765
Fareham,E07000087,-6.0314646,17.661394,0.0261,0.1255,0.2975,0.1756
Gosport,E07000088,4.1875153,-3.3625383,0.0424,0.1869,0.2148,0.2161
Hart,E07000089,-0.46177998,19.866604,0.0238,0.1362,0.3749,0.135
Havant,E07000090,-10.834213,-3.017098,0.0399,0.1242,0.2228,0.2504
New Forest,E07000091,-8.33816,5.3713036,0.0263,0.1434,0.2724,0.2114
Rushmoor,E07000092,6.36584,1.9986798,0.0372,0.215,0.2471,0.1863
Test Valley,E07000093,-4.106757,15.171566,0.0252,0.1475,0.3053,0.1836
Winchester,E07000094,2.0785127,18.143448,0.023,0.1759,0.4066,0.1454
Ashford,E07000105,-2.5116088,2.9806142,0.0363,0.1773,0.2463,0.2117
Canterbury,E07000106,5.982319,4.1626043,0.0305,0.2198,0.273,0.2046
Dartford,E07000107,3.9382343,-3.037855,0.044,0.1811,0.2205,0.2112
Dover,E07000108,2.9992337,-5.8750596,0.0446,0.1898,0.2196,0.2504
Gravesham,E07000109,2.6729217,-9.028745,0.0507,0.1905,0.1996,0.2438
Maidstone,E07000110,-2.3327336,4.591663,0.034,0.1733,0.2563,0.2065
Sevenoaks,E07000111,-6.337829,15.547483,0.0284,0.1336,0.3198,0.192
Folkestone and Hythe,E07000112,8.365166,-7.373164,0.0459,0.2249,0.2177,0.2467
Swale,E07000113,-3.2700858,-11.346249,0.046,0.1835,0.1892,0.2737
Thanet,E07000114,10.605839,-10.40253,0.0567,0.2626,0.1961,0.2836
Tonbridge and Malling,E07000115,-10.891881,7.2927313,0.0298,0.125,0.271,0.1997
Tunbridge Wells,E07000116,3.7824829,13.742445,0.0295,0.1922,0.3464,0.1707
Cherwell,E07000177,1.6056411,7.7974596,0.0284,0.1978,0.2806,0.1969
Oxford,E07000178,17.49752,0.34382445,0.0321,0.3215,0.4259,0.1364
South Oxfordshire,E07000179,-0.12683071,17.302595,0.0252,0.1591,0.3671,0.1647
Vale of White Horse,E07000180,0.34544265,17.353683,0.025,0.1566,0.3721,0.1668
West Oxfordshire,E07000181,1.1572884,14.181106,0.0227,0.1786,0.3291,0.1765
Elmbridge,E07000207,3.0147064,18.476406,0.0267,0.175,0.4385,0.1323
Epsom and Ewell,E07000208,-0.75731003,17.370754,0.0273,0.1612,0.3598,0.1583
Guildford,E07000209,3.459834,16.921728,0.0269,0.196,0.3952,0.142
Mole Valley,E07000210,-0.3829272,18.809742,0.0252,0.141,0.3794,0.1597
Reigate and Banstead,E07000211,-1.9516983,16.427353,0.0292,0.1568,0.3396,0.1658
Runnymede,E07000212,1.268365,10.025724,0.0273,0.1909,0.2992,0.1827
Spelthorne,E07000213,-3.1417232,5.738137,0.0326,0.1791,0.2595,0.2042
Surrey Heath,E07000214,-1.7338071,17.731085,0.0277,0.1536,0.3447,0.1499
Tandridge,E07000215,-4.63195,17.457022,0.0277,0.1328,0.3297,0.1713
Waverley,E07000216,0.92327136,19.33039,0.0242,0.1469,0.4014,0.1517
Woking,E07000217,4.234793,16.087626,0.0322,0.2109,0.3836,0.1521
Adur,E07000223,-9.38112,-2.7548254,0.0334,0.148,0.2199,0.2558
Arun,E07000224,-3.68904,-1.1210907,0.0334,0.182,0.2277,0.2486
Chichester,E07000225,0.67407674,11.267117,0.028,0.1812,0.3239,0.1951
Crawley,E07000226,4.0774164,-2.3890233,0.0451,0.1981,0.2154,0.201
Horsham,E07000227,-3.1180766,17.114277,0.0271,0.1452,0.3261,0.1631
Mid Sussex,E07000228,-1.7898986,18.317488,0.0243,0.1533,0.3363,0.1484
Worthing,E07000229,5.5773544,3.0249019,0.0347,0.2204,0.2596,0.2131
Bath and North East Somerset,E06000022,3.2140844,13.066183,0.0272,0.1932,0.334,0.1717
"Bristol, City of",E06000023,13.067336,-2.3547544,0.043,0.262,0.3278,0.2016
Cornwall,E06000052,0.5675806,2.4879317,0.0326,0.1971,0.2499,0.2243
Isles of Scilly,E06000053,18.109653,1.6560845,0.0111,0.3663,0.3301,0.1422
North Somerset,E06000024,0.8422302,7.9633503,0.0299,0.1841,0.2835,0.1961
Plymouth,E06000026,7.3702025,-5.5711055,0.0424,0.2263,0.2146,0.2226
South Gloucestershire,E06000025,-2.6466737,9.40185,0.0278,0.1574,0.2669,0.1861
Swindon,E06000030,4.610148,-2.7298095,0.0423,0.1932,0.2271,0.2052
Torbay,E06000027,9.771869,-7.4912972,0.0455,0.2662,0.2065,0.2582
Wiltshire,E06000054,0.27919602,9.451989,0.0294,0.174,0.2949,0.1863
East Devon,E07000040,-4.284255,7.2430778,0.0245,0.1602,0.2908,0.2107
Exeter,E07000041,7.5739913,4.1186676,0.0306,0.2494,0.2856,0.1833
Mid Devon,E07000042,0.19367537,4.5657425,0.0271,0.1856,0.2645,0.2266
North Devon,E07000043,1.2551861,1.2935735,0.0304,0.204,0.2292,0.2405
South Hams,E07000044,0.17166916,15.566722,0.0235,0.1608,0.3427,0.1724
Teignbridge,E07000045,0.08489013,5.965223,0.0277,0.1785,0.2797,0.2155
Torridge,E07000046,0.7410366,-0.31635845,0.0341,0.202,0.2167,0.2541
West Devon,E07000047,-0.18167962,7.958093,0.0307,0.1824,0.3003,0.2033
Cheltenham,E07000078,13.539351,1.5718961,0.0334,0.234,0.3623,0.1657
Cotswold,E07000079,1.1122837,13.164257,0.0248,0.1736,0.3365,0.1845
Forest of Dean,E07000080,-10.037894,-1.0953859,0.0345,0.1352,0.2397,0.2452
Gloucester,E07000081,5.253734,-4.1218944,0.0426,0.213,0.222,0.2178
Stroud,E07000082,-5.0315876,16.044914,0.0281,0.1366,0.3287,0.182
Tewkesbury,E07000083,-5.201623,14.749084,0.0282,0.1427,0.3018,0.1881
Mendip,E07000187,-0.44057786,5.7151866,0.0292,0.1805,0.2787,0.2144
Sedgemoor,E07000188,-3.829391,-1.9760743,0.0358,0.179,0.2212,0.2506
South Somerset,E07000189,-4.7008996,4.6870217,0.0274,0.1677,0.2505,0.2193
Isle of Anglesey,W06000001,-1.3913265,-5.4700356,0.0469,0.1557,0.2608,0.2417
Gwynedd,W06000002,-1.693272,1.1516836,0.0357,0.1735,0.2643,0.2315
Conwy,W06000003,1.5591413,-4.623398,0.041,0.1899,0.2547,0.2557
Denbighshire,W06000004,1.9977735,-5.16818,0.0422,0.2003,0.2424,0.2545
Flintshire,W06000005,-9.080554,-1.5350565,0.0386,0.1321,0.2244,0.2351
Wrexham,W06000006,-7.2634783,-8.288394,0.0418,0.1583,0.2279,0.2669
Powys,W06000023,-3.3998783,1.140715,0.0305,0.1788,0.2634,0.2477
Ceredigion,W06000008,5.705696,5.1754894,0.0256,0.2062,0.2792,0.1982
Pembrokeshire,W06000009,-2.4617393,-2.932271,0.0404,0.1643,0.2476,0.2458
Carmarthenshire,W06000010,-8.999435,-4.194498,0.0373,0.1489,0.239,0.2675
Swansea,W06000011,-1.4146395,-1.58888,0.0386,0.1801,0.2585,0.2394
Neath Port Talbot,W06000012,-7.9479966,-15.023308,0.045,0.1387,0.1879,0.3092
Bridgend,W06000013,-6.318421,-10.08349,0.0456,0.1528,0.2256,0.2834
Vale of Glamorgan,W06000014,-6.2735543,7.876629,0.0431,0.1563,0.2978,0.2045
Cardiff,W06000015,12.485213,-2.4225411,0.0444,0.2429,0.3233,0.2073
Rhondda Cynon Taff,W06000016,-6.7082167,-17.46515,0.0471,0.1765,0.1955,0.3177
Merthyr Tydfil,W06000024,-4.031695,-18.2933,0.0572,0.1539,0.1775,0.3429
Caerphilly,W06000018,-6.639777,-15.435935,0.0514,0.1332,0.1866,0.3136
Blaenau Gwent,W06000019,-1.7947301,-19.051266,0.0687,0.1598,0.1516,0.3605
Torfaen,W06000020,-8.537821,-13.592101,0.0478,0.1117,0.2028,0.2889
Monmouthshire,W06000021,-7.97736,13.593699,0.0335,0.1364,0.3308,0.2067
Newport,W06000022,-1.7606082,-10.685327,0.0534,0.1668,0.2338,0.2703
